,55_feats_7.28_rmse,48_feats_7.25_rmse,152_feats_6.97_rmse
AATS0e,0,0,0
AATS0i,0,0,0
AATS0m,0,0,0
AATS0p,0,0,0
AATS0s,0,0,0
AATS0v,0,0,0
AATS1e,0,0,0
AATS1e*AATSC1i,0,0,0
AATS1e*AATSC1v,0,0,0
AATS1e*ATSC1i,0,0,0
AATS1e*MATS2c,0,0,0
AATS1i,0,0,0
AATS1m,0,0,0
AATS1p,0,0,0
AATS1p*GATS2c,0,0,0
AATS1p*MDEN-23,0,0,0
AATS1p*maxsssN,0,0,0
AATS1s,0,0,0
AATS1s*GATS2c,0,0,0
AATS1v,0,0,0
AATS1v*GATS2c,0,0,0
AATS2e,0,0,0
AATS2i,0,0,0
AATS2i*GATS8s,0,0,0
AATS2m,0,0,0
AATS2p,0,0,0
AATS2p*GATS2c,0,0,0
AATS2p*MDEN-23,0,0,0
AATS2p*SsssN,0,0,0
AATS2p*maxsssN,0,0,0
AATS2p*minssCH2,0,0,0
AATS2s,0,0,0
AATS2v,0,0,0
AATS2v*GATS2c,0,0,0
AATS2v*MDEN-23,0,0,0
AATS2v*SsssN,0,0,0
AATS2v*maxsssN,0,0,0
AATS3e,0,0,0
AATS3i,0,0,0
AATS3m,0,0,0
AATS3p,0,0,0
AATS3p*GATS2c,0,0,0
AATS3p*MDEN-23,0,0,0
AATS3p*SsssN,0,0,0
AATS3p*maxsssN,0,0,0
AATS3s,0,0,0
AATS3v,0,0,0
AATS3v*GATS2c,0,0,0
AATS3v*MDEN-23,0,0,0
AATS3v*maxsssN,0,0,0
AATS4e,0,0,0
AATS4i,0,0,0
AATS4m,0,0,0
AATS4p,0,0,0
AATS4s,0,0,0
AATS4v,0,0,0
AATS5e,0,0,0
AATS5i,0,0,0
AATS5m,0,0,0
AATS5p,0,0,0
AATS5s,0,0,0
AATS5v,0,0,0
AATS6e,0,0,0
AATS6i,0,0,0
AATS6m,0,0,0
AATS6p,0,0,0
AATS6s,0,0,0
AATS6v,0,0,0
AATS7e,0,0,0
AATS7e*MATS3p,0,0,0
AATS7i,0,0,0
AATS7i*MATS3p,0,0,0
AATS7m,0,0,0
AATS7m*GATS7p,0,0,0
AATS7m*JGI8,0,0,0
AATS7p,0,0,0
AATS7s,0,0,0
AATS7v,0,0,0
AATS8e,0,0,0
AATS8i,0,0,0
AATS8m,0,0,0
AATS8p,0,0,0
AATS8s,0,0,0
AATS8v,0,0,0
AATSC0c,0,0,0
AATSC0e,0,0,0
AATSC0i,0,0,0
AATSC0m,0,0,0
AATSC0p,0,0,0
AATSC0s,0,0,0
AATSC0s*MDEN-11,0,0,0
AATSC0v,0,0,0
AATSC1c,0,0,0
AATSC1e,0,0,0
AATSC1i,0,0,0
AATSC1i*ETA_dEpsilon_A,0,0,0
AATSC1i*ETA_dEpsilon_B,0,0,0
AATSC1i*ETA_dEpsilon_D,0,0,0
AATSC1i*GATS1v,0,0,0
AATSC1i*GATS2c,0,0,0
AATSC1i*MATS1c,0,0,0
AATSC1i*MATS1i,0,0,0
AATSC1i*MATS1v,0,0,0
AATSC1i*MATS2c,0,0,0
AATSC1i*MDEN-11,0,0,0
AATSC1i*MDEN-23,0,0,0
AATSC1i*Mare,0,0,0
AATSC1i*Mpe,0,0,0
AATSC1i*SIC4,0,0,0
AATSC1i*SsNH2,0,1,1
AATSC1m,0,0,0
AATSC1p,0,0,0
AATSC1s,0,0,0
AATSC1s*GATS1c,0,0,0
AATSC1s*GATS3p,0,0,0
AATSC1s*JGI2,0,0,0
AATSC1s*MATS2s,0,0,0
AATSC1s*minHBd,0,0,0
AATSC1v,0,0,0
AATSC1v*AATSC1i,0,0,0
AATSC1v*ETA_Shape_P,0,0,0
AATSC1v*ETA_dEpsilon_A,0,0,0
AATSC1v*ETA_dEpsilon_B,0,0,0
AATSC1v*ETA_dEpsilon_D,0,0,0
AATSC1v*GATS2c,0,0,0
AATSC1v*GATS4i,0,0,0
AATSC1v*JGI3,0,0,0
AATSC1v*JGI4,0,0,0
AATSC1v*MATS1c,0,0,0
AATSC1v*MATS1i,0,0,0
AATSC1v*MATS1v,0,0,0
AATSC1v*MATS2c,0,0,0
AATSC1v*MDEN-11,0,0,0
AATSC1v*MDEN-12,0,0,0
AATSC1v*Mare,0,0,0
AATSC1v*Mpe,0,0,0
AATSC1v*SIC4,0,0,0
AATSC1v*SsNH2,0,0,0
AATSC2c,0,0,0
AATSC2e,0,0,0
AATSC2e*GATS2c,0,0,0
AATSC2i,0,0,0
AATSC2m,0,0,0
AATSC2m*SsBr,0,0,1
AATSC2m*maxsBr,1,1,1
AATSC2p,0,0,0
AATSC2s,0,0,0
AATSC2v,0,0,0
AATSC3c,0,0,0
AATSC3c*MATS3p,0,1,0
AATSC3e,0,0,0
AATSC3e*JGI4,0,0,0
AATSC3e*minHBd,0,0,0
AATSC3i,0,0,0
AATSC3i*ETA_Epsilon_3,0,0,0
AATSC3i*GATS8e,0,0,0
AATSC3i*GATS8s,0,0,0
AATSC3i*MATS3i,0,0,0
AATSC3i*MATS3p,0,0,0
AATSC3i*WTPT-2,0,0,0
AATSC3m,0,0,0
AATSC3p,0,0,0
AATSC3p*MATS3p,0,0,0
AATSC3s,0,0,0
AATSC3v,0,0,0
AATSC3v*AATSC3i,0,0,0
AATSC3v*ETA_Epsilon_3,0,0,0
AATSC3v*MATS3i,0,0,0
AATSC3v*MATS3p,0,0,0
AATSC3v*WTPT-2,0,0,0
AATSC4c,0,0,0
AATSC4e,0,0,0
AATSC4e*ETA_dPsi_A,0,0,0
AATSC4e*GATS1m,0,0,0
AATSC4e*JGI2,0,0,0
AATSC4i,0,0,0
AATSC4m,0,0,0
AATSC4m*AATSC8i,0,0,0
AATSC4m*ETA_Epsilon_3,0,0,0
AATSC4m*MATS1s,0,0,0
AATSC4m*WTPT-2,0,0,0
AATSC4p,0,0,0
AATSC4p*AATSC2i,0,0,0
AATSC4p*ETA_Epsilon_3,0,0,0
AATSC4p*ETA_dEpsilon_D,0,0,0
AATSC4p*GATS1c,0,0,0
AATSC4p*GATS4v,0,0,0
AATSC4p*JGI2,0,0,0
AATSC4p*JGI4,0,0,0
AATSC4p*MATS1s,0,0,0
AATSC4p*MATS2i,0,0,0
AATSC4p*MATS2v,0,0,0
AATSC4p*WTPT-2,0,0,0
AATSC4p*maxHBd,0,0,0
AATSC4p*minHBd,0,0,0
AATSC4s,0,0,0
AATSC4v,0,0,0
AATSC4v*AATSC2i,0,0,0
AATSC4v*ETA_Shape_Y,0,0,0
AATSC4v*ETA_dEpsilon_D,0,0,0
AATSC4v*GATS1c,0,0,0
AATSC4v*GATS3p,0,0,0
AATSC4v*GATS4v,0,0,0
AATSC4v*JGI2,0,0,0
AATSC4v*JGI4,0,0,0
AATSC4v*MATS1v,0,0,0
AATSC4v*MATS2i,0,0,0
AATSC4v*MATS2v,0,0,1
AATSC4v*MDEN-12,0,0,0
AATSC4v*SsNH2,0,0,0
AATSC4v*WTPT-2,0,0,0
AATSC4v*maxHBd,0,0,0
AATSC4v*minHBd,0,0,0
AATSC4v*minsNH2,0,0,0
AATSC5c,0,0,0
AATSC5e,0,0,0
AATSC5i,0,0,0
AATSC5m,0,0,1
AATSC5p,0,0,0
AATSC5s,0,0,0
AATSC5v,0,0,0
AATSC6c,0,0,0
AATSC6e,0,0,0
AATSC6i,0,0,0
AATSC6m,0,0,0
AATSC6p,0,0,0
AATSC6s,0,0,0
AATSC6v,0,0,1
AATSC7c,0,0,0
AATSC7e,0,0,0
AATSC7i,0,0,0
AATSC7m,0,0,0
AATSC7p,0,0,0
AATSC7s,0,0,0
AATSC7v,0,0,0
AATSC8c,0,0,0
AATSC8e,0,0,0
AATSC8i,0,0,0
AATSC8i*minHBd,0,0,0
AATSC8m,0,0,0
AATSC8p,0,0,0
AATSC8s,0,0,0
AATSC8v,0,0,0
AMW,0,0,0
ATS0e,0,0,0
ATS0i,0,0,0
ATS0m,0,0,0
ATS0m*maxsBr,0,0,0
ATS0p,0,0,0
ATS0p*GATS8s,0,0,0
ATS0s,0,0,1
ATS0s*GATS8c,0,0,0
ATS0s*GATS8s,0,0,0
ATS0v,0,0,0
ATS0v*GATS8s,0,0,0
ATS0v*MATS3p,0,0,0
ATS1e,0,0,0
ATS1e*GATS8s,0,0,0
ATS1e*MATS3p,0,0,0
ATS1i,0,0,0
ATS1m,0,0,0
ATS1p,0,0,0
ATS1s,0,0,0
ATS1s*GATS8s,0,0,0
ATS1s*MATS3p,0,0,0
ATS1v,0,0,0
ATS2e,0,0,0
ATS2i,0,0,0
ATS2m,0,0,0
ATS2p,0,0,0
ATS2p*GATS8s,0,0,0
ATS2p*MATS3p,0,0,0
ATS2s,0,0,0
ATS2s*GATS8s,0,0,0
ATS2v,0,0,0
ATS3e,0,0,0
ATS3i,0,0,0
ATS3m,0,0,0
ATS3p,0,0,0
ATS3s,0,0,0
ATS3s*GATS8s,0,0,0
ATS3v,0,0,0
ATS4e,0,0,0
ATS4i,0,0,0
ATS4i*GATS8s,0,0,0
ATS4m,0,0,0
ATS4p,0,0,0
ATS4s,0,0,0
ATS4s*GATS8s,0,0,0
ATS4v,0,0,0
ATS4v*GATS8s,0,0,0
ATS4v*MATS3p,0,0,0
ATS5e,0,0,0
ATS5e*GATS8s,0,0,0
ATS5e*MATS3p,0,0,0
ATS5i,0,0,0
ATS5i*GATS8s,0,0,0
ATS5m,0,0,0
ATS5p,0,0,0
ATS5s,0,0,0
ATS5s*GATS8s,0,0,0
ATS5v,0,0,0
ATS6e,0,0,0
ATS6i,0,0,0
ATS6i*GATS8s,0,0,0
ATS6m,0,0,0
ATS6p,0,0,0
ATS6s,0,0,0
ATS6s*GATS8s,0,0,0
ATS6v,0,0,0
ATS6v*GATS8s,0,0,0
ATS6v*MATS3p,0,0,0
ATS7e,0,0,0
ATS7i,0,0,0
ATS7i*GATS8s,0,0,0
ATS7m,0,0,0
ATS7p,0,0,0
ATS7p*GATS8s,0,0,0
ATS7s,0,0,0
ATS7v,0,0,0
ATS8e,0,0,0
ATS8i,0,0,0
ATS8i*GATS8s,0,0,0
ATS8m,0,0,0
ATS8p,0,0,0
ATS8s,0,0,0
ATS8v,0,0,0
ATSC0c,0,0,0
ATSC0e,0,0,0
ATSC0e*GATS8c,0,0,0
ATSC0e*GATS8s,0,0,0
ATSC0i,0,0,0
ATSC0i*GATS8c,0,0,0
ATSC0i*GATS8s,0,0,0
ATSC0m,0,0,0
ATSC0m*maxsBr,0,0,0
ATSC0p,0,0,0
ATSC0s,0,0,0
ATSC0s*GATS8c,0,0,0
ATSC0s*GATS8s,0,0,0
ATSC0v,0,0,0
ATSC0v*GATS8s,0,0,0
ATSC1c,1,0,0
ATSC1c*AATSC2i,0,0,0
ATSC1c*ATSC2i,0,0,0
ATSC1c*ATSC6m,0,0,0
ATSC1c*ATSC6p,0,0,0
ATSC1c*ETA_EtaP_F,0,0,0
ATSC1c*ETA_Shape_Y,0,0,0
ATSC1c*ETA_dPsi_A,0,0,0
ATSC1c*GATS1c,0,0,0
ATSC1c*GATS1m,0,0,0
ATSC1c*GATS3m,0,0,0
ATSC1c*GATS3p,0,0,0
ATSC1c*GATS4e,0,0,0
ATSC1c*GATS4m,0,0,0
ATSC1c*JGI2,0,0,0
ATSC1c*MATS2i,0,0,0
ATSC1c*MATS6m,0,0,0
ATSC1c*MATS6p,0,0,0
ATSC1c*MDEN-12,0,0,0
ATSC1c*SHBint10,0,0,0
ATSC1c*SsNH2,0,0,0
ATSC1c*maxHBd,0,0,0
ATSC1c*maxHBint10,0,0,0
ATSC1c*maxdO,0,0,0
ATSC1c*minHBd,0,0,0
ATSC1c*minHBint10,0,0,0
ATSC1e,0,0,0
ATSC1i,0,0,0
ATSC1i*AATSC1i,0,0,0
ATSC1i*AATSC1v,0,0,0
ATSC1i*AATSC3c,0,0,0
ATSC1i*CIC5,0,0,0
ATSC1i*GATS1i,0,0,0
ATSC1i*GATS1v,0,0,0
ATSC1i*GATS2c,0,0,0
ATSC1i*GATS2e,0,0,0
ATSC1i*HybRatio,0,0,0
ATSC1i*LipoaffinityIndex,0,0,0
ATSC1i*MATS1c,0,0,0
ATSC1i*MATS1i,0,0,0
ATSC1i*MATS2c,0,0,0
ATSC1i*MDEN-11,0,0,0
ATSC1i*MDEN-23,0,0,0
ATSC1i*SsssN,0,0,0
ATSC1i*maxssCH2,0,0,0
ATSC1i*maxsssN,0,0,0
ATSC1i*minssCH2,0,0,0
ATSC1m,0,0,0
ATSC1p,0,0,0
ATSC1p*GATS1v,0,0,0
ATSC1s,0,0,0
ATSC1s*GATS1m,0,0,0
ATSC1s*GATS3p,0,0,0
ATSC1s*JGI2,0,0,0
ATSC1s*MATS6m,0,0,0
ATSC1s*MATS6p,0,0,0
ATSC1s*minHBd,0,0,0
ATSC1v,0,0,0
ATSC1v*AATSC1i,0,0,0
ATSC1v*AATSC1v,0,0,0
ATSC1v*ATSC1i,0,0,0
ATSC1v*ETA_dEpsilon_A,0,0,0
ATSC1v*ETA_dEpsilon_D,0,0,0
ATSC1v*GATS2c,0,0,0
ATSC1v*MATS1i,0,0,0
ATSC1v*MATS1v,0,0,0
ATSC1v*MATS2c,0,0,0
ATSC1v*MDEN-11,0,0,0
ATSC1v*Mare,0,0,0
ATSC1v*Mpe,0,0,0
ATSC1v*SsNH2,0,0,0
ATSC2c,0,0,0
ATSC2e,0,0,0
ATSC2i,0,0,0
ATSC2m,0,0,0
ATSC2m*SsBr,0,0,0
ATSC2m*maxsBr,0,0,0
ATSC2p,0,0,0
ATSC2s,0,0,0
ATSC2v,0,0,0
ATSC3c,0,0,0
ATSC3e,0,0,0
ATSC3e*GATS3p,0,0,0
ATSC3e*JGI2,0,0,0
ATSC3e*minHBd,0,0,0
ATSC3i,0,0,0
ATSC3m,0,0,0
ATSC3p,0,0,0
ATSC3p*MATS3p,0,0,0
ATSC3s,0,0,0
ATSC3v,0,0,0
ATSC4c,0,0,0
ATSC4e,0,0,0
ATSC4e*JGI2,0,0,0
ATSC4i,0,0,0
ATSC4i*ETA_dEpsilon_D,0,0,0
ATSC4i*JGI2,0,0,0
ATSC4i*JGI4,0,0,0
ATSC4i*MDEN-12,0,0,0
ATSC4i*SHBint10,0,0,0
ATSC4i*SsNH2,0,0,0
ATSC4i*maxHBd,0,0,0
ATSC4i*maxHBint10,0,0,0
ATSC4i*minHBd,0,0,0
ATSC4i*minsNH2,0,0,0
ATSC4m,0,0,0
ATSC4m*ATSC6m,0,0,0
ATSC4m*JGI2,0,0,0
ATSC4m*maxHBd,0,0,0
ATSC4m*minHBd,0,0,0
ATSC4p,0,0,0
ATSC4p*AATSC2i,0,0,0
ATSC4p*ATSC6p,0,0,0
ATSC4p*ETA_dEpsilon_D,0,0,0
ATSC4p*GATS1c,0,0,0
ATSC4p*JGI2,0,0,0
ATSC4p*JGI4,0,0,0
ATSC4p*MATS2i,0,0,0
ATSC4p*MDEN-12,0,0,0
ATSC4p*SsNH2,0,0,0
ATSC4p*maxHBd,0,0,0
ATSC4p*maxHBint10,0,0,0
ATSC4p*minHBd,0,0,0
ATSC4p*minsNH2,0,0,0
ATSC4s,0,0,0
ATSC4v,0,0,0
ATSC4v*AATSC2i,0,0,0
ATSC4v*ATSC2i,0,0,0
ATSC4v*ATSC6p,0,0,0
ATSC4v*ETA_Shape_Y,0,0,0
ATSC4v*ETA_dEpsilon_D,0,0,0
ATSC4v*ETA_dPsi_A,0,0,0
ATSC4v*GATS4m,0,0,0
ATSC4v*JGI2,0,0,0
ATSC4v*JGI4,0,0,0
ATSC4v*MATS2i,0,0,0
ATSC4v*MDEN-12,0,0,0
ATSC4v*SHBint10,0,0,0
ATSC4v*SsNH2,0,0,0
ATSC4v*TopoPSA,0,0,0
ATSC4v*maxHBd,0,0,0
ATSC4v*maxHBint10,0,0,0
ATSC4v*maxdO,0,0,0
ATSC4v*minHBd,0,0,0
ATSC4v*minsNH2,0,0,0
ATSC5c,0,0,0
ATSC5e,0,0,0
ATSC5i,0,0,0
ATSC5m,0,0,0
ATSC5m*GATS2c,0,0,0
ATSC5p,0,0,0
ATSC5s,0,0,0
ATSC5v,0,0,0
ATSC6c,0,0,0
ATSC6e,0,0,0
ATSC6i,0,0,0
ATSC6i*GATS2c,0,0,0
ATSC6i*MDEN-23,0,0,0
ATSC6m,0,0,0
ATSC6m*AATSC7i,0,0,0
ATSC6m*ATSC7p,0,0,0
ATSC6m*MATS7i,0,0,0
ATSC6m*MDEN-11,0,0,0
ATSC6m*maxwHBa,0,0,0
ATSC6p,0,0,0
ATSC6p*ATSC7p,0,0,0
ATSC6p*GATS2c,0,0,0
ATSC6p*GATS2e,0,0,0
ATSC6p*MATS1c,0,0,0
ATSC6p*MDEN-23,0,0,0
ATSC6p*SsssN,0,0,0
ATSC6p*maxsssN,0,0,0
ATSC6s,0,0,0
ATSC6v,0,0,0
ATSC6v*AATSC1i,0,0,0
ATSC6v*AATSC1s,0,0,0
ATSC6v*ATSC1i,0,0,0
ATSC6v*ATSC4p,0,0,0
ATSC6v*ATSC7p,0,0,0
ATSC6v*ETA_BetaP_s,0,0,0
ATSC6v*GATS1v,0,0,0
ATSC6v*GATS2c,0,0,0
ATSC6v*GATS2e,0,0,0
ATSC6v*LipoaffinityIndex,0,0,0
ATSC6v*MATS1c,0,0,0
ATSC6v*MATS2c,0,0,0
ATSC6v*MDEN-23,0,0,0
ATSC6v*SsssN,1,0,0
ATSC6v*maxssCH2,0,0,0
ATSC6v*maxsssN,0,0,0
ATSC6v*minssCH2,0,0,0
ATSC7c,0,0,0
ATSC7e,0,0,0
ATSC7i,0,0,0
ATSC7m,0,0,0
ATSC7p,0,0,0
ATSC7s,0,0,0
ATSC7v,0,0,0
ATSC8c,0,0,0
ATSC8e,0,0,0
ATSC8i,0,0,0
ATSC8m,0,0,0
ATSC8p,0,0,0
ATSC8s,0,0,0
ATSC8v,0,0,0
BIC0,0,0,0
BIC1,0,0,0
BIC2,0,0,0
BIC3,0,0,0
BIC4,0,0,0
BIC5,0,0,0
C1SP2_0,0,0,0
C1SP2_1,0,1,1
C1SP2_2,0,0,0
C1SP2_3,0,0,0
C1SP2_4,0,0,0
C1SP3_0,0,0,0
C1SP3_1,0,0,0
C1SP3_2,0,0,0
C1SP3_3,0,0,0
C1SP3_4,0,0,1
C1SP3_5,0,0,1
C1SP3_6,0,0,0
C1SP3_7,0,0,0
C2SP2_0,0,0,0
C2SP2_11,0,0,0
C2SP2_12,0,0,0
C2SP2_13,0,0,0
C2SP2_14,0,0,0
C2SP2_15,0,0,0
C2SP2_3,0,0,0
C2SP2_5,0,0,0
C2SP2_6,0,0,0
C2SP2_7,0,0,0
C2SP2_8,0,0,0
C2SP2_9,0,0,0
C2SP3_0,0,0,0
C2SP3_1,0,0,0
C2SP3_2,0,0,0
C2SP3_3,0,0,0
C3SP2_0,0,0,0
C3SP2_1,0,0,0
C3SP2_2,0,0,0
C3SP2_3,0,0,0
C3SP3_0,0,0,0
C3SP3_1,0,0,0
C3SP3_2,0,0,0
C3SP3_3,0,0,0
C4SP3_0,0,0,0
C4SP3_1,0,0,0
CIC0,0,0,0
CIC1,0,0,0
CIC2,0,0,0
CIC3,0,0,0
CIC4,0,0,0
CIC5,0,0,0
CrippenLogP,0,0,0
CrippenLogP*JGI4,0,0,0
CrippenLogP*minHBd,0,0,0
CrippenMR,0,0,0
DELS,1,0,0
DELS2,0,0,0
ECCEN_1006,0,0,0
ECCEN_1045,0,0,0
ECCEN_106,0,0,0
ECCEN_110,0,0,0
ECCEN_118,0,0,0
ECCEN_121,0,0,0
ECCEN_123,0,0,0
ECCEN_129,0,0,0
ECCEN_137,0,0,0
ECCEN_179,0,0,0
ECCEN_191,0,0,0
ECCEN_195,0,0,0
ECCEN_216,0,0,0
ECCEN_219,0,0,0
ECCEN_226,0,0,0
ECCEN_227,0,0,0
ECCEN_234,0,0,0
ECCEN_237,0,0,0
ECCEN_255,0,0,0
ECCEN_296,0,0,0
ECCEN_298,0,0,0
ECCEN_308,0,0,0
ECCEN_313,0,0,0
ECCEN_315,0,0,1
ECCEN_322,0,0,0
ECCEN_323,0,0,0
ECCEN_328,0,0,0
ECCEN_341,0,0,0
ECCEN_346,0,0,0
ECCEN_357,0,0,0
ECCEN_359,0,1,0
ECCEN_374,1,0,1
ECCEN_376,0,0,0
ECCEN_387,0,0,0
ECCEN_394,0,0,0
ECCEN_395,0,0,0
ECCEN_449,0,0,0
ECCEN_466,0,0,0
ECCEN_468,0,0,0
ECCEN_500,0,0,0
ECCEN_502,0,0,0
ECCEN_504,0,0,0
ECCEN_512,0,0,0
ECCEN_527,0,0,0
ECCEN_531,0,0,1
ECCEN_545,0,0,0
ECCEN_547,0,0,0
ECCEN_560,1,1,1
ECCEN_578,0,1,0
ECCEN_604,0,0,0
ECCEN_620,0,0,0
ECCEN_693,0,0,0
ECCEN_79,0,0,0
ECCEN_800,0,0,1
ECCEN_93,0,0,0
ECCEN_96,0,0,0
ECCEN_97,0,0,0
EE_D,0,0,0
EE_Dt,0,0,0
EE_DzZ,0,0,0
EE_Dze,0,0,0
EE_Dzi,0,0,0
EE_Dzm,0,0,0
EE_Dzp,0,0,0
EE_Dzs,0,0,0
EE_Dzv,0,0,0
ETA_Alpha,0,0,0
ETA_AlphaP,0,0,0
ETA_Beta,0,0,0
ETA_BetaP,0,0,0
ETA_BetaP*CIC3,0,0,0
ETA_BetaP*CIC5,0,0,0
ETA_BetaP*ETA_BetaP_s,0,0,0
ETA_BetaP*MDEN-23,0,0,0
ETA_BetaP_ns,0,0,0
ETA_BetaP_ns*CIC3,0,0,0
ETA_BetaP_ns*CIC5,0,0,0
ETA_BetaP_ns*MDEN-23,0,0,0
ETA_BetaP_ns_d,0,0,0
ETA_BetaP_s,0,0,0
ETA_BetaP_s*ETA_EtaP_L,0,0,0
ETA_Beta_ns,0,0,0
ETA_Beta_ns_d,0,0,0
ETA_Beta_s,0,0,0
ETA_Epsilon_1,0,0,0
ETA_Epsilon_2,0,0,0
ETA_Epsilon_3,0,0,0
ETA_Epsilon_3*JGI2,0,0,0
ETA_Epsilon_3*JGI4,0,0,1
ETA_Epsilon_3*WTPT-2,0,0,0
ETA_Epsilon_4,0,0,0
ETA_Epsilon_5,0,0,0
ETA_Eta,0,0,0
ETA_EtaP,0,0,0
ETA_EtaP_B,0,0,0
ETA_EtaP_B_RC,0,0,0
ETA_EtaP_F,0,0,0
ETA_EtaP_F_L,0,0,0
ETA_EtaP_F_L*MDEN-23,0,0,0
ETA_EtaP_L,0,0,0
ETA_EtaP_L*WTPT-2,0,0,0
ETA_Eta_B,0,0,0
ETA_Eta_B_RC,0,0,0
ETA_Eta_F,0,0,0
ETA_Eta_F_L,0,0,0
ETA_Eta_L,0,0,0
ETA_Eta_R,0,0,0
ETA_Eta_R_L,0,0,0
ETA_Psi_1,0,0,0
ETA_Psi_1*ETA_dPsi_A,0,0,0
ETA_Psi_1*JGI2,0,0,0
ETA_Psi_1*JGI9,0,0,0
ETA_Psi_1*MLFER_BO,0,0,0
ETA_Shape_P,0,0,0
ETA_Shape_P*MDEN-23,0,0,0
ETA_Shape_X,0,0,0
ETA_Shape_Y,0,0,0
ETA_dAlpha_A,0,0,0
ETA_dAlpha_B,0,0,0
ETA_dBeta,0,0,0
ETA_dBeta*CIC5,0,0,0
ETA_dBeta*MDEN-23,0,0,0
ETA_dBetaP,0,0,0
ETA_dBetaP*CIC0,0,0,0
ETA_dBetaP*CIC3,0,0,0
ETA_dBetaP*CIC5,0,0,0
ETA_dBetaP*HybRatio,0,0,0
ETA_dBetaP*MDEN-23,0,0,0
ETA_dEpsilon_A,0,0,0
ETA_dEpsilon_B,0,0,0
ETA_dEpsilon_B*MDEN-23,0,0,0
ETA_dEpsilon_C,0,0,0
ETA_dEpsilon_D,0,0,0
ETA_dEpsilon_D*BIC0,0,0,0
ETA_dEpsilon_D*ETA_EtaP_B_RC,0,0,0
ETA_dEpsilon_D*ETA_Shape_P,0,1,0
ETA_dEpsilon_D*IC0,0,0,0
ETA_dEpsilon_D*JGI3,0,0,0
ETA_dEpsilon_D*JGI4,0,0,0
ETA_dEpsilon_D*MDEN-11,0,0,0
ETA_dEpsilon_D*MDEN-12,0,0,0
ETA_dEpsilon_D*SIC4,0,0,0
ETA_dPsi_A,0,0,0
ETA_dPsi_A*MDEN-11,0,0,0
ETA_dPsi_B,0,0,0
FMF,0,0,0
GATS1c,0,0,0
GATS1c*ETA_dEpsilon_A,0,0,0
GATS1c*ETA_dEpsilon_D,0,0,0
GATS1c*GATS2c,0,0,0
GATS1c*MDEN-11,0,0,0
GATS1c*Mare,0,0,0
GATS1c*Mpe,0,0,0
GATS1c*SHBd,0,0,0
GATS1e,0,0,0
GATS1i,0,0,0
GATS1m,0,0,0
GATS1p,0,0,0
GATS1s,0,0,0
GATS1s*AMW,0,0,0
GATS1s*BIC0,0,0,0
GATS1s*ETA_AlphaP,0,0,0
GATS1s*ETA_Shape_P,0,0,0
GATS1s*ETA_dEpsilon_A,0,0,0
GATS1s*ETA_dEpsilon_B,0,0,0
GATS1s*IC0,0,0,0
GATS1s*JGI3,0,0,1
GATS1s*MIC0,0,0,0
GATS1s*MIC1,0,0,0
GATS1s*MIC3,0,0,0
GATS1s*Mare,0,0,0
GATS1s*Mp,0,0,0
GATS1s*Mpe,0,0,0
GATS1s*SIC4,0,0,0
GATS1s*SIC5,0,0,0
GATS1s*SpMax1_Bhm,0,0,0
GATS1s*VE2_Dzs,0,0,0
GATS1v,0,0,0
GATS1v*GATS8s,0,0,0
GATS2c,0,0,0
GATS2c*ETA_Epsilon_3,0,0,0
GATS2c*ETA_EtaP_L,0,0,0
GATS2c*GATS3i,0,0,0
GATS2c*JGI4,0,0,0
GATS2c*SHCsats,0,0,0
GATS2c*SssCH2,0,0,0
GATS2c*WTPT-2,0,0,0
GATS2c*maxHBd,0,0,0
GATS2c*maxHCsats,0,0,0
GATS2c*minHBd,0,0,0
GATS2c*minHCsats,0,0,0
GATS2e,0,0,0
GATS2i,0,0,0
GATS2m,0,0,0
GATS2p,0,0,0
GATS2s,0,0,0
GATS2s*JGI2,0,0,0
GATS2s*minHBd,0,0,0
GATS2v,0,0,0
GATS3c,0,0,0
GATS3e,0,0,0
GATS3i,0,0,0
GATS3i*maxsssN,0,0,0
GATS3m,0,0,0
GATS3p,0,0,0
GATS3s,0,0,0
GATS3v,0,0,0
GATS4c,1,0,1
GATS4c*GATS2m,0,0,0
GATS4e,0,0,0
GATS4i,0,0,0
GATS4i*ETA_dEpsilon_A,0,0,0
GATS4i*ETA_dEpsilon_D,0,0,0
GATS4i*JGI3,0,0,0
GATS4i*Mare,0,0,0
GATS4i*Mpe,0,0,0
GATS4m,0,0,0
GATS4m*MDEN-11,0,0,0
GATS4p,0,0,0
GATS4p*ETA_dEpsilon_A,0,0,0
GATS4p*ETA_dEpsilon_D,0,0,0
GATS4p*MDEN-11,0,0,0
GATS4p*MLFER_A,0,0,0
GATS4p*Mare,0,0,0
GATS4p*Mpe,0,0,0
GATS4p*SHBd,0,0,0
GATS4p*SsNH2,0,0,0
GATS4s,0,0,0
GATS4v,0,0,0
GATS4v*ETA_dEpsilon_A,0,0,0
GATS4v*ETA_dEpsilon_D,0,0,0
GATS4v*GATS4i,0,0,0
GATS4v*IC0,0,0,0
GATS4v*JGI4,0,0,1
GATS4v*MDEN-11,0,0,0
GATS4v*MDEN-12,0,0,0
GATS4v*MLFER_A,0,0,0
GATS4v*Mare,0,0,0
GATS4v*Mpe,0,0,0
GATS4v*SHBd,0,0,0
GATS4v*SsNH2,0,0,0
GATS5c,0,0,0
GATS5e,0,0,0
GATS5i,0,0,0
GATS5m,1,0,0
GATS5p,0,0,0
GATS5s,0,0,0
GATS5v,1,0,0
GATS6c,0,0,0
GATS6e,0,0,0
GATS6e*ETA_dPsi_A,0,0,0
GATS6e*SHBint10,0,0,0
GATS6e*maxHBint10,0,0,0
GATS6e*minHBint10,0,0,0
GATS6i,0,0,0
GATS6m,0,0,0
GATS6p,0,0,0
GATS6s,0,0,0
GATS6v,0,0,0
GATS7c,0,0,0
GATS7c*MDEN-11,0,0,0
GATS7e,0,0,0
GATS7e*GATS7p,0,0,0
GATS7i,0,0,0
GATS7i*MDEN-11,0,0,0
GATS7m,0,0,0
GATS7p,0,0,0
GATS7s,0,0,0
GATS7v,0,0,0
GATS8c,0,0,0
GATS8c*GATS8s,0,0,0
GATS8e,0,0,0
GATS8e*GATS2i,0,0,0
GATS8e*GATS7p,0,0,0
GATS8e*GATS8s,0,0,0
GATS8e*JGI6,0,0,0
GATS8i,0,0,0
GATS8m,0,0,0
GATS8m*GATS7p,0,0,0
GATS8m*GATS7v,0,0,0
GATS8m*GATS8e,0,0,0
GATS8p,0,0,0
GATS8s,0,0,0
GATS8v,0,0,0
GGI1,0,0,0
GGI10,0,0,0
GGI2,0,0,0
GGI3,0,0,0
GGI4,0,0,0
GGI5,0,0,0
GGI6,0,0,0
GGI7,0,0,0
GGI8,0,0,0
GGI9,0,0,0
HybRatio,0,0,0
HybRatio*WTPT-2,0,0,0
IC0,0,0,0
IC1,0,0,0
IC2,0,0,0
IC3,0,0,0
IC4,0,0,0
IC5,0,0,0
JGI1,0,0,0
JGI10,0,0,0
JGI2,0,0,0
JGI3,0,0,0
JGI4,0,0,0
JGI5,0,0,0
JGI6,0,0,0
JGI7,0,0,0
JGI8,0,0,0
JGI9,0,0,0
JGT,0,0,0
Kier1,0,0,0
Kier2,0,0,0
Kier3,0,0,0
LipinskiFailures_0,0,0,0
LipinskiFailures_1,0,0,0
LipoaffinityIndex,0,0,0
MATS1c,0,0,0
MATS1c*ETA_Epsilon_3,0,0,0
MATS1c*ETA_dEpsilon_D,0,0,0
MATS1c*GATS1c,0,0,0
MATS1c*GATS3i,0,0,0
MATS1c*GATS3p,0,0,0
MATS1c*JGI2,0,0,0
MATS1c*JGI4,0,0,0
MATS1c*MATS1s,0,0,0
MATS1c*MATS2c,0,0,0
MATS1c*MATS3p,0,0,0
MATS1c*SHCsats,0,0,0
MATS1c*WTPT-2,0,0,0
MATS1c*maxHBd,0,0,0
MATS1c*minHBd,0,0,0
MATS1e,0,0,0
MATS1i,0,0,0
MATS1i*ETA_dEpsilon_A,0,0,0
MATS1i*ETA_dEpsilon_B,0,0,0
MATS1i*ETA_dEpsilon_D,0,0,0
MATS1i*GATS1v,0,0,0
MATS1i*GATS2c,0,0,0
MATS1i*MDEN-11,0,0,0
MATS1i*MDEN-23,0,0,0
MATS1i*Mare,0,0,0
MATS1i*Mpe,0,0,0
MATS1i*SIC4,0,0,0
MATS1i*SsNH2,0,0,1
MATS1m,0,0,0
MATS1p,0,0,0
MATS1s,0,0,0
MATS1s*ETA_EtaP_B,0,0,0
MATS1s*ETA_EtaP_B_RC,0,0,0
MATS1s*ETA_Eta_B,0,0,0
MATS1s*ETA_dEpsilon_D,0,0,0
MATS1s*GATS1c,0,0,0
MATS1s*GATS1s,0,0,0
MATS1s*GATS3i,0,0,0
MATS1s*GATS3p,0,0,0
MATS1s*GATS3v,0,0,0
MATS1s*JGI1,0,0,0
MATS1s*JGI2,0,0,0
MATS1s*JGI4,0,0,0
MATS1s*JGT,0,0,0
MATS1s*MATS2s,0,0,0
MATS1s*maxHBd,0,0,0
MATS1s*minHBd,0,0,0
MATS1v,0,0,0
MATS2c,0,0,0
MATS2c*CIC5,0,0,0
MATS2c*ETA_dEpsilon_A,0,0,0
MATS2c*ETA_dEpsilon_B,0,0,0
MATS2c*ETA_dEpsilon_D,0,0,0
MATS2c*GATS1i,0,0,0
MATS2c*GATS1v,0,0,0
MATS2c*GATS2c,0,0,0
MATS2c*GATS2e,0,0,0
MATS2c*HybRatio,0,0,0
MATS2c*JGI3,0,0,0
MATS2c*MATS1i,0,0,0
MATS2c*MATS1v,0,0,0
MATS2c*MDEN-11,0,0,0
MATS2c*MDEN-23,0,0,0
MATS2c*MIC3,0,0,0
MATS2c*Mare,0,0,0
MATS2c*Mpe,0,0,0
MATS2c*SIC4,0,0,0
MATS2c*SIC5,0,0,0
MATS2c*SsssN,0,0,1
MATS2c*maxssCH2,0,0,0
MATS2c*maxsssN,0,0,0
MATS2c*minssCH2,0,0,0
MATS2e,0,0,0
MATS2e*GATS2c,0,0,0
MATS2i,1,0,0
MATS2m,0,0,0
MATS2p,0,0,0
MATS2s,0,0,0
MATS2s*ETA_dEpsilon_A,0,0,0
MATS2v,0,0,0
MATS3c,0,0,0
MATS3c*GATS3i,0,0,0
MATS3e,0,0,0
MATS3e*JGI4,0,0,0
MATS3e*maxHBd,0,0,0
MATS3e*minHBd,0,0,0
MATS3i,0,0,0
MATS3i*ETA_Epsilon_3,0,0,0
MATS3i*GATS8e,0,0,0
MATS3i*GATS8s,0,0,0
MATS3i*WTPT-2,0,0,0
MATS3m,0,0,0
MATS3p,0,0,0
MATS3p*ETA_Epsilon_3,0,0,0
MATS3p*GATS6i,0,0,0
MATS3p*GATS8e,0,0,0
MATS3p*GATS8s,0,0,0
MATS3p*MATS3i,0,0,0
MATS3p*WTPT-2,0,0,0
MATS3s,0,0,0
MATS3s*GATS8e,0,0,0
MATS3s*GATS8s,0,0,0
MATS3v,0,0,0
MATS3v*ETA_Epsilon_3,0,0,0
MATS3v*MATS3p,0,0,0
MATS4c,0,0,0
MATS4e,0,0,0
MATS4e*ETA_AlphaP,0,0,0
MATS4e*ETA_dAlpha_A,0,0,0
MATS4e*ETA_dPsi_A,0,0,0
MATS4e*GATS1m,0,0,0
MATS4e*GATS6p,0,0,0
MATS4e*JGI2,0,0,0
MATS4e*SpMax1_Bhm,0,0,0
MATS4e*maxsBr,0,0,0
MATS4i,0,0,0
MATS4i*minHBd,0,0,0
MATS4m,0,0,0
MATS4m*ETA_EtaP_F,0,0,0
MATS4m*ETA_Eta_B,1,0,0
MATS4m*ETA_Shape_Y,0,0,0
MATS4m*ETA_dEpsilon_D,0,0,0
MATS4m*ETA_dPsi_A,0,0,0
MATS4m*GATS1c,0,0,0
MATS4m*GATS1m,0,0,0
MATS4m*GATS3p,0,0,0
MATS4m*GATS4m,0,0,0
MATS4m*GGI8,0,0,0
MATS4m*JGI2,0,0,0
MATS4m*JGI9,0,0,0
MATS4m*JGT,0,0,1
MATS4m*MATS4e,0,0,0
MATS4m*MATS6m,0,0,0
MATS4m*MATS6p,0,0,0
MATS4m*MDEN-12,0,0,0
MATS4m*MLFER_A,0,0,0
MATS4m*MLFER_S,0,0,0
MATS4m*SHBd,0,0,0
MATS4m*SdO,0,0,0
MATS4m*SsNH2,0,0,0
MATS4m*TopoPSA,0,0,0
MATS4m*VE2_Dt,0,0,0
MATS4m*maxHBd,0,0,0
MATS4m*maxHBint10,0,0,0
MATS4m*maxdO,0,0,0
MATS4m*meanI,0,0,0
MATS4m*minHBd,0,0,0
MATS4m*minsNH2,0,0,0
MATS4p,0,0,0
MATS4p*ETA_Shape_Y,0,0,0
MATS4p*ETA_dEpsilon_D,0,0,0
MATS4p*GATS1c,0,0,0
MATS4p*GATS3p,0,0,0
MATS4p*GATS4v,0,0,0
MATS4p*JGI2,0,0,0
MATS4p*JGI4,0,0,0
MATS4p*MATS2i,0,0,0
MATS4p*MDEN-12,0,0,0
MATS4p*SsNH2,0,0,0
MATS4p*WTPT-2,0,0,0
MATS4p*maxHBd,0,0,0
MATS4p*minHBd,0,0,0
MATS4p*minsNH2,0,0,0
MATS4s,0,0,0
MATS4v,0,0,0
MATS4v*ETA_Epsilon_3,0,0,0
MATS4v*ETA_Shape_Y,0,0,0
MATS4v*ETA_dEpsilon_D,0,0,0
MATS4v*GATS1c,0,0,0
MATS4v*GATS4v,0,0,0
MATS4v*JGI2,0,0,0
MATS4v*JGI4,0,0,0
MATS4v*MATS2i,0,0,0
MATS4v*MDEN-12,0,0,0
MATS4v*SsNH2,0,0,0
MATS4v*WTPT-2,0,0,0
MATS4v*maxHBd,0,0,0
MATS4v*minHBd,0,0,0
MATS4v*minsNH2,0,0,0
MATS5c,0,0,0
MATS5e,0,0,0
MATS5i,0,0,0
MATS5m,0,1,1
MATS5p,0,0,0
MATS5s,0,0,0
MATS5s*GATS3i,0,0,0
MATS5v,0,0,0
MATS6c,0,0,0
MATS6e,0,0,0
MATS6i,0,0,0
MATS6m,0,0,1
MATS6m*GATS7p,0,0,0
MATS6m*MDEN-11,0,0,0
MATS6p,0,0,0
MATS6s,0,0,0
MATS6v,0,0,1
MATS7c,0,0,0
MATS7e,0,0,0
MATS7i,0,0,0
MATS7m,0,0,0
MATS7p,0,0,0
MATS7s,0,0,0
MATS7v,0,0,0
MATS8c,0,0,0
MATS8e,0,0,0
MATS8i,0,0,0
MATS8m,0,0,0
MATS8p,0,0,0
MATS8s,0,0,0
MATS8v,0,0,0
MAXDN,0,0,0
MAXDN2,0,0,0
MAXDP,0,0,0
MAXDP2,0,0,0
MDEC-11,0,0,0
MDEC-12,0,0,0
MDEC-13,0,0,0
MDEC-14,0,0,0
MDEC-22,0,0,0
MDEC-22*WTPT-2,0,0,0
MDEC-23,0,0,0
MDEC-24,0,0,0
MDEC-33,0,0,0
MDEC-34,0,0,0
MDEC-44,0,0,0
MDEN-11,0,0,0
MDEN-11*MLFER_A,0,0,0
MDEN-12,0,0,0
MDEN-12*MLFER_A,0,0,0
MDEN-13,1,0,0
MDEN-22,1,1,0
MDEN-23,0,0,0
MDEN-23*WTPT-2,0,0,0
MDEN-33,0,0,1
MDEO-11,0,0,1
MDEO-12,0,0,0
MDEO-22,0,1,1
MIC0,0,0,0
MIC1,0,0,0
MIC2,0,0,0
MIC3,0,0,0
MIC4,0,0,0
MIC5,0,0,0
MLFER_A,0,0,0
MLFER_BH,0,0,0
MLFER_BO,0,0,0
MLFER_E,0,0,0
MLFER_L,0,0,0
MLFER_S,0,0,0
MLogP,0,0,0
MLogP*WTPT-2,0,0,0
MPC10_0,0,0,0
MPC10_1,0,0,0
MPC10_100,0,0,0
MPC10_102,0,0,0
MPC10_104,0,0,0
MPC10_110,0,0,0
MPC10_114,1,1,1
MPC10_116,0,0,0
MPC10_12,0,0,0
MPC10_124,0,0,1
MPC10_125,0,0,0
MPC10_126,0,0,0
MPC10_132,0,0,0
MPC10_134,0,0,0
MPC10_136,0,0,0
MPC10_139,0,0,1
MPC10_142,0,0,0
MPC10_152,0,0,0
MPC10_172,0,0,0
MPC10_175,0,0,0
MPC10_2,0,0,0
MPC10_222,0,0,0
MPC10_23,0,0,0
MPC10_258,0,0,0
MPC10_3,0,0,0
MPC10_32,0,0,0
MPC10_36,0,0,0
MPC10_4,0,0,0
MPC10_44,0,0,0
MPC10_46,0,0,0
MPC10_48,0,0,0
MPC10_52,0,0,0
MPC10_6,0,0,0
MPC10_69,0,0,0
MPC10_72,0,0,0
MPC10_77,0,0,0
MPC10_8,0,0,0
MPC10_86,0,1,1
MPC10_93,0,0,0
MPC10_95,0,0,0
MPC2_12,0,0,0
MPC2_14,0,0,0
MPC2_15,0,0,0
MPC2_16,0,0,0
MPC2_17,0,0,0
MPC2_18,0,0,1
MPC2_19,0,0,0
MPC2_20,0,0,0
MPC2_23,0,0,0
MPC2_25,0,0,0
MPC2_27,0,0,0
MPC2_28,0,0,0
MPC2_30,0,0,0
MPC2_31,0,0,0
MPC2_33,0,0,0
MPC2_34,0,0,0
MPC2_35,0,0,0
MPC2_36,0,1,1
MPC2_37,0,0,0
MPC2_38,0,0,0
MPC2_39,0,0,0
MPC2_40,0,0,0
MPC2_41,0,0,0
MPC2_43,0,0,0
MPC2_44,0,0,0
MPC2_46,0,0,0
MPC2_53,0,0,0
MPC2_54,0,0,0
MPC3_13,0,0,0
MPC3_14,0,0,0
MPC3_19,0,0,0
MPC3_20,0,0,0
MPC3_22,0,0,0
MPC3_24,0,0,1
MPC3_26,0,0,0
MPC3_28,0,0,0
MPC3_30,0,0,0
MPC3_32,0,0,0
MPC3_34,0,0,0
MPC3_38,0,0,0
MPC3_39,0,0,0
MPC3_40,0,0,0
MPC3_41,0,0,0
MPC3_42,0,0,1
MPC3_44,0,0,0
MPC3_45,0,0,0
MPC3_46,0,0,0
MPC3_47,0,0,0
MPC3_48,0,0,1
MPC3_49,0,0,0
MPC3_50,0,0,1
MPC3_52,0,0,0
MPC3_53,0,0,0
MPC3_54,0,0,1
MPC3_55,0,0,0
MPC3_58,0,0,0
MPC3_61,0,0,0
MPC3_70,0,0,1
MPC3_72,0,0,0
MPC4_12,0,0,0
MPC4_15,0,0,0
MPC4_19,0,0,0
MPC4_20,0,0,0
MPC4_21,0,0,0
MPC4_22,0,0,0
MPC4_23,0,0,0
MPC4_25,0,0,0
MPC4_27,0,0,0
MPC4_28,0,0,0
MPC4_29,0,0,1
MPC4_31,0,0,0
MPC4_32,0,0,0
MPC4_34,0,0,0
MPC4_35,0,0,0
MPC4_37,0,0,0
MPC4_43,0,0,0
MPC4_44,0,0,0
MPC4_45,0,0,1
MPC4_46,0,0,0
MPC4_47,0,0,0
MPC4_48,0,0,0
MPC4_49,0,0,0
MPC4_51,0,0,0
MPC4_52,0,0,0
MPC4_53,0,0,0
MPC4_54,1,0,1
MPC4_55,0,0,0
MPC4_56,0,0,0
MPC4_58,0,0,0
MPC4_59,0,0,0
MPC4_60,0,0,0
MPC4_61,0,0,0
MPC4_62,0,0,0
MPC4_63,0,0,0
MPC4_64,0,0,0
MPC4_65,0,0,0
MPC4_67,0,0,1
MPC4_69,0,0,0
MPC4_70,0,0,0
MPC4_71,0,0,0
MPC4_72,0,0,0
MPC4_76,0,0,0
MPC4_92,0,0,0
MPC5_10,0,0,0
MPC5_117,0,0,0
MPC5_122,0,0,0
MPC5_18,0,0,0
MPC5_21,0,0,0
MPC5_22,0,0,0
MPC5_23,0,0,0
MPC5_24,0,0,0
MPC5_27,0,0,0
MPC5_28,0,0,0
MPC5_31,0,0,0
MPC5_32,0,0,1
MPC5_35,0,0,0
MPC5_36,0,0,0
MPC5_39,0,0,0
MPC5_42,0,0,0
MPC5_50,0,0,0
MPC5_54,0,0,0
MPC5_55,0,0,0
MPC5_57,0,0,0
MPC5_59,0,0,0
MPC5_61,0,0,0
MPC5_63,0,0,0
MPC5_65,0,0,0
MPC5_67,0,0,0
MPC5_68,0,0,1
MPC5_69,0,0,0
MPC5_70,0,0,0
MPC5_72,0,0,0
MPC5_76,0,0,1
MPC5_77,0,0,0
MPC5_78,0,0,0
MPC5_79,0,0,0
MPC5_81,0,0,0
MPC5_83,0,0,0
MPC5_84,0,0,0
MPC5_85,0,0,0
MPC5_86,0,0,0
MPC5_87,0,0,0
MPC5_88,0,0,0
MPC5_89,1,1,1
MPC5_9,0,0,0
MPC5_93,0,0,0
MPC5_94,0,0,0
MPC6_104,0,0,0
MPC6_107,0,0,1
MPC6_130,0,0,0
MPC6_134,0,1,0
MPC6_14,0,0,0
MPC6_17,0,0,0
MPC6_18,0,0,0
MPC6_20,0,0,0
MPC6_24,0,0,0
MPC6_25,0,0,0
MPC6_27,0,0,0
MPC6_28,0,0,0
MPC6_30,0,0,0
MPC6_34,0,0,0
MPC6_35,0,0,0
MPC6_41,0,0,0
MPC6_48,0,0,0
MPC6_54,0,0,0
MPC6_55,0,0,0
MPC6_57,0,0,0
MPC6_58,0,0,0
MPC6_61,0,0,0
MPC6_63,0,0,0
MPC6_66,0,0,0
MPC6_67,0,0,0
MPC6_70,0,0,0
MPC6_73,0,0,0
MPC6_74,0,0,0
MPC6_75,0,0,0
MPC6_76,0,0,1
MPC6_77,0,0,1
MPC6_78,1,0,1
MPC6_8,0,0,0
MPC6_80,0,0,0
MPC6_81,0,0,0
MPC6_83,0,0,0
MPC6_84,0,1,1
MPC6_85,0,0,0
MPC6_86,0,0,0
MPC6_87,0,0,0
MPC6_88,0,0,0
MPC6_89,0,0,0
MPC6_90,0,0,0
MPC6_94,0,0,0
MPC6_95,0,0,0
MPC6_96,1,0,1
MPC6_97,0,0,0
MPC6_99,0,0,0
MPC7_100,0,0,0
MPC7_101,0,0,1
MPC7_103,0,0,0
MPC7_104,0,0,0
MPC7_106,1,1,1
MPC7_109,0,0,0
MPC7_11,0,0,0
MPC7_112,0,0,0
MPC7_114,0,0,0
MPC7_116,0,0,1
MPC7_125,0,0,0
MPC7_13,0,0,0
MPC7_14,0,0,0
MPC7_150,0,0,0
MPC7_16,0,0,0
MPC7_163,0,0,0
MPC7_18,0,0,0
MPC7_20,0,0,0
MPC7_21,0,0,0
MPC7_23,0,0,0
MPC7_26,0,0,1
MPC7_32,0,0,0
MPC7_33,0,0,0
MPC7_4,0,0,0
MPC7_41,0,0,0
MPC7_52,0,0,0
MPC7_55,0,0,0
MPC7_58,0,0,0
MPC7_59,0,0,0
MPC7_60,0,0,0
MPC7_62,0,0,0
MPC7_63,0,0,0
MPC7_68,0,0,0
MPC7_69,0,0,0
MPC7_70,0,0,0
MPC7_73,0,0,0
MPC7_76,0,0,0
MPC7_8,0,0,0
MPC7_81,1,0,1
MPC7_82,0,0,0
MPC7_84,0,0,1
MPC7_85,0,0,0
MPC7_89,0,0,0
MPC7_90,1,0,0
MPC7_93,0,0,0
MPC7_97,1,0,1
MPC7_98,0,0,1
MPC8_100,0,0,0
MPC8_102,0,0,1
MPC8_104,0,1,1
MPC8_106,0,0,0
MPC8_107,0,0,0
MPC8_110,0,0,0
MPC8_111,0,0,0
MPC8_114,0,0,0
MPC8_115,0,0,0
MPC8_117,0,0,0
MPC8_118,0,0,0
MPC8_120,1,0,1
MPC8_121,0,0,0
MPC8_124,0,0,0
MPC8_129,0,0,0
MPC8_134,0,0,0
MPC8_14,0,0,0
MPC8_144,0,0,0
MPC8_17,0,0,0
MPC8_172,0,0,0
MPC8_18,0,0,0
MPC8_19,0,0,0
MPC8_194,0,0,0
MPC8_2,0,0,0
MPC8_20,0,0,0
MPC8_22,0,0,0
MPC8_25,0,0,0
MPC8_3,0,0,0
MPC8_32,0,0,0
MPC8_4,0,0,0
MPC8_41,0,0,0
MPC8_52,0,0,0
MPC8_6,0,0,0
MPC8_60,0,0,0
MPC8_61,0,0,0
MPC8_63,0,0,0
MPC8_65,0,0,0
MPC8_70,0,0,0
MPC8_71,0,0,0
MPC8_75,0,0,0
MPC8_82,0,0,0
MPC8_83,0,0,0
MPC8_84,0,0,0
MPC8_90,1,1,0
MPC8_91,0,0,0
MPC8_94,1,0,0
MPC8_95,0,0,0
MPC8_98,0,0,0
MPC8_99,0,0,0
MPC9_0,0,0,0
MPC9_10,0,0,1
MPC9_101,0,0,0
MPC9_104,0,0,0
MPC9_108,0,0,0
MPC9_110,0,0,0
MPC9_112,0,0,0
MPC9_116,0,0,0
MPC9_120,0,0,1
MPC9_121,0,0,0
MPC9_122,0,0,0
MPC9_126,0,0,0
MPC9_128,0,0,0
MPC9_129,0,0,0
MPC9_139,0,0,0
MPC9_14,0,0,0
MPC9_142,0,0,0
MPC9_158,0,0,1
MPC9_16,0,0,0
MPC9_198,0,0,0
MPC9_220,0,0,0
MPC9_29,0,0,0
MPC9_3,0,0,0
MPC9_34,0,0,0
MPC9_41,0,0,0
MPC9_49,0,0,0
MPC9_5,0,0,0
MPC9_50,0,0,0
MPC9_54,0,0,0
MPC9_56,0,0,0
MPC9_59,0,0,0
MPC9_6,0,0,0
MPC9_62,0,0,0
MPC9_63,0,0,0
MPC9_66,0,0,0
MPC9_70,0,0,0
MPC9_71,0,0,0
MPC9_78,0,0,0
MPC9_8,0,0,0
MPC9_83,0,0,0
MPC9_85,0,0,0
MPC9_9,0,0,0
MPC9_92,0,0,0
MPC9_94,0,0,0
MPC9_95,0,0,0
MPC9_98,0,0,0
MW,0,0,0
MWC10,0,0,0
MWC2,0,0,0
MWC3,0,0,0
MWC4,0,0,0
MWC5,0,0,0
MWC6,0,0,0
MWC7,0,0,0
MWC8,0,0,0
MWC9,0,0,0
Mare,0,0,0
McGowan_Volume,0,0,0
Mi,0,0,0
Mp,0,0,0
Mpe,0,0,0
Mse,0,0,0
Mv,0,0,0
PetitjeanNumber,0,0,0
R_TpiPCTPC,0,0,0
RotBFrac,0,0,0
RotBtFrac,0,0,0
SHBa,0,0,0
SHBa*MDEN-11,0,0,0
SHBd,0,0,0
SHBd*ETA_dEpsilon_A,0,0,0
SHBd*ETA_dEpsilon_B,0,0,0
SHBd*ETA_dEpsilon_D,0,0,0
SHBd*MDEN-11,0,0,0
SHBd*MDEN-12,0,0,0
SHBd*SsNH2,0,0,0
SHBint10,0,0,0
SHBint2,0,0,0
SHBint2*MDEN-11,1,0,0
SHBint3,0,0,0
SHBint4,0,0,0
SHBint5,0,0,0
SHBint6,0,0,0
SHBint7,0,0,0
SHBint9,0,0,0
SHCsats,0,0,0
SHCsats*ETA_Epsilon_3,0,0,0
SHCsats*SssCH2,0,0,0
SHCsats*WTPT-2,0,0,0
SHCsats*minHCsats,0,0,0
SHCsatu,0,0,0
SHaaCH,0,0,0
SHaaNH,0,0,0
SHdsCH,0,0,0
SHother,0,0,0
SHsNH2,0,0,0
SHsOH,0,0,0
SHssNH,0,0,0
SIC0,0,0,0
SIC1,0,0,0
SIC2,0,0,0
SIC3,0,0,0
SIC4,0,0,0
SIC4*CIC5,0,0,0
SIC4*MDEN-23,0,0,0
SIC5,0,0,0
SIC5*CIC5,0,0,0
SIC5*MDEN-23,0,0,0
SM1_DzZ,0,0,0
SM1_Dze,0,0,0
SM1_Dzi,0,0,0
SM1_Dzi*MDEN-11,0,0,0
SM1_Dzi*SHBint10,0,0,0
SM1_Dzm,0,0,0
SM1_Dzp,0,0,0
SM1_Dzp*ETA_dPsi_A,0,0,0
SM1_Dzp*MLFER_BO,0,0,0
SM1_Dzp*SHBint10,0,0,0
SM1_Dzp*SsssN,0,0,0
SM1_Dzp*maxHBint10,0,0,0
SM1_Dzs,0,0,0
SM1_Dzv,0,0,0
SM1_Dzv*ETA_dPsi_A,0,0,0
SM1_Dzv*JGI2,0,0,0
SM1_Dzv*SHBint10,0,0,0
SM1_Dzv*maxHBint10,0,0,0
SM1_Dzv*minHBint10,0,0,0
SRW10,0,0,0
SRW2,0,0,0
SRW4,0,0,0
SRW5,0,0,0
SRW6,0,0,0
SRW7,0,0,0
SRW8,0,0,0
SRW9,0,0,0
SaaCH,0,0,0
SaaN,0,0,0
SaaNH,0,0,0
SaaS,0,0,0
SaaaC,0,0,0
SaasC,0,0,0
SaasN,0,0,0
Sare,0,0,0
SdO,0,0,0
SddssS,0,0,0
SdsCH,0,0,0
SdsN,0,0,0
SdssC,0,0,0
Si,0,0,0
Sp,0,0,0
SpAD_D,0,0,0
SpAD_Dt,0,0,0
SpAD_DzZ,0,0,0
SpAD_Dze,0,0,0
SpAD_Dzi,0,0,0
SpAD_Dzm,0,0,0
SpAD_Dzp,0,0,0
SpAD_Dzs,0,0,0
SpAD_Dzv,0,0,0
SpAbs_DzZ,0,0,0
SpAbs_Dze,0,0,0
SpAbs_Dzi,0,0,0
SpAbs_Dzm,0,0,0
SpAbs_Dzp,0,0,0
SpAbs_Dzs,0,0,0
SpAbs_Dzv,0,0,0
SpDiam_D,0,0,0
SpDiam_Dt,0,0,0
SpDiam_DzZ,0,0,0
SpDiam_Dze,0,0,0
SpDiam_Dzi,0,0,0
SpDiam_Dzm,0,0,0
SpDiam_Dzp,0,0,0
SpDiam_Dzs,0,0,0
SpDiam_Dzv,0,0,0
SpMAD_D,0,0,0
SpMAD_Dt,0,0,0
SpMAD_DzZ,0,0,0
SpMAD_Dze,0,0,0
SpMAD_Dzi,0,0,0
SpMAD_Dzm,0,0,0
SpMAD_Dzp,0,0,0
SpMAD_Dzs,0,0,0
SpMAD_Dzv,0,0,0
SpMax1_Bhe,0,0,0
SpMax1_Bhi,0,0,0
SpMax1_Bhm,0,0,0
SpMax1_Bhm*maxsBr,0,0,0
SpMax1_Bhp,0,0,0
SpMax1_Bhs,0,0,0
SpMax1_Bhv,0,0,0
SpMax2_Bhe,0,0,0
SpMax2_Bhi,0,0,0
SpMax2_Bhm,0,0,0
SpMax2_Bhm*AMW,0,0,0
SpMax2_Bhm*JGI3,0,0,0
SpMax2_Bhm*MIC0,0,0,0
SpMax2_Bhm*Mp,0,0,0
SpMax2_Bhp,0,0,0
SpMax2_Bhs,0,0,0
SpMax2_Bhv,0,0,0
SpMax3_Bhe,0,0,0
SpMax3_Bhi,0,0,0
SpMax3_Bhm,0,0,0
SpMax3_Bhp,0,0,0
SpMax3_Bhs,0,0,0
SpMax3_Bhv,0,0,0
SpMax4_Bhe,0,0,0
SpMax4_Bhi,0,0,0
SpMax4_Bhm,0,0,0
SpMax4_Bhp,0,0,0
SpMax4_Bhs,0,0,0
SpMax4_Bhv,0,0,0
SpMax5_Bhe,0,0,0
SpMax5_Bhi,0,0,0
SpMax5_Bhm,0,0,0
SpMax5_Bhp,0,0,0
SpMax5_Bhs,0,0,0
SpMax5_Bhv,0,0,0
SpMax6_Bhe,0,0,0
SpMax6_Bhi,0,0,0
SpMax6_Bhm,0,0,0
SpMax6_Bhp,0,0,0
SpMax6_Bhs,0,0,1
SpMax6_Bhv,0,0,0
SpMax7_Bhe,0,0,0
SpMax7_Bhi,0,0,0
SpMax7_Bhm,0,0,0
SpMax7_Bhp,0,0,0
SpMax7_Bhs,0,0,0
SpMax7_Bhv,0,0,0
SpMax8_Bhe,0,0,0
SpMax8_Bhi,0,0,0
SpMax8_Bhm,1,0,0
SpMax8_Bhp,0,0,0
SpMax8_Bhs,0,0,0
SpMax8_Bhv,0,0,0
SpMax_D,0,0,0
SpMax_Dt,0,0,0
SpMax_DzZ,0,0,0
SpMax_Dze,0,0,0
SpMax_Dzi,0,0,0
SpMax_Dzm,0,0,0
SpMax_Dzp,0,0,0
SpMax_Dzs,0,0,0
SpMax_Dzv,0,0,0
SpMin1_Bhe,0,0,0
SpMin1_Bhi,0,0,0
SpMin1_Bhm,0,0,0
SpMin1_Bhp,0,0,0
SpMin1_Bhs,0,0,0
SpMin1_Bhv,0,0,0
SpMin2_Bhe,0,0,0
SpMin2_Bhi,0,0,0
SpMin2_Bhm,0,0,0
SpMin2_Bhp,0,0,0
SpMin2_Bhs,0,0,0
SpMin2_Bhv,0,0,0
SpMin3_Bhe,0,0,0
SpMin3_Bhi,0,0,0
SpMin3_Bhm,0,0,0
SpMin3_Bhp,0,0,0
SpMin3_Bhs,0,0,0
SpMin3_Bhv,0,0,0
SpMin4_Bhe,0,0,0
SpMin4_Bhi,0,0,0
SpMin4_Bhm,0,0,0
SpMin4_Bhp,0,0,0
SpMin4_Bhs,0,0,0
SpMin4_Bhv,0,0,0
SpMin5_Bhe,0,0,0
SpMin5_Bhi,0,0,0
SpMin5_Bhm,0,0,0
SpMin5_Bhp,0,0,0
SpMin5_Bhs,0,0,0
SpMin5_Bhs*ETA_Epsilon_3,0,0,0
SpMin5_Bhs*WTPT-2,0,0,0
SpMin5_Bhv,0,0,0
SpMin6_Bhe,0,0,0
SpMin6_Bhi,0,0,0
SpMin6_Bhm,0,0,0
SpMin6_Bhp,0,0,0
SpMin6_Bhs,0,0,0
SpMin6_Bhv,0,0,0
SpMin7_Bhe,0,0,0
SpMin7_Bhi,0,0,0
SpMin7_Bhm,0,0,0
SpMin7_Bhp,0,0,0
SpMin7_Bhs,0,0,0
SpMin7_Bhv,0,0,0
SpMin8_Bhe,0,0,0
SpMin8_Bhi,0,0,0
SpMin8_Bhm,0,0,0
SpMin8_Bhp,0,0,0
SpMin8_Bhs,0,0,0
SpMin8_Bhv,0,0,0
Spe,0,0,0
SsBr,0,0,0
SsBr*ETA_AlphaP,0,0,0
SsBr*ETA_dAlpha_A,0,0,0
SsBr*ETA_dPsi_A,1,0,0
SsBr*maxsBr,0,0,0
SsCH3,0,0,0
SsCl,0,0,0
SsF,1,0,1
SsI,0,0,0
SsNH2,0,0,0
SsNH2*ETA_dEpsilon_A,0,0,0
SsNH2*ETA_dEpsilon_D,0,0,0
SsNH2*MDEN-11,0,0,0
SsNH2*MDEN-12,0,0,0
SsNH2*MLFER_A,0,0,0
SsOH,0,1,0
SsOH*SdsN,0,0,0
SsOH*maxdsN,0,0,0
SsOH*minsCl,0,0,0
Sse,0,0,0
SssCH2,0,0,0
SssCH2*ETA_Epsilon_3,0,0,0
SssCH2*WTPT-2,0,0,0
SssCH2*maxHCsats,0,0,0
SssCH2*minHCsats,0,0,0
SssNH,0,0,0
SssO,0,0,0
SssS,0,0,0
SsssB,0,0,0
SsssCH,0,0,0
SsssN,0,0,0
SsssN*ETA_EtaP_L,0,0,0
SssssC,0,0,0
SssssC*SdsN,0,0,0
SssssC*maxHBint4,0,0,0
SssssC*maxdsN,0,0,0
SssssC*minsCl,0,0,0
Sv,0,0,0
SwHBa,0,0,0
TIC0,0,0,0
TIC1,0,0,0
TIC2,0,0,0
TIC3,0,0,0
TIC4,0,0,0
TIC5,0,0,0
TPC_1017,0,0,0
TPC_1027,0,0,0
TPC_104,0,0,0
TPC_1276,0,0,0
TPC_128,0,0,0
TPC_1377,0,0,1
TPC_147,0,0,0
TPC_158,0,0,0
TPC_188,0,0,0
TPC_191,0,0,0
TPC_192,0,0,0
TPC_215,0,0,0
TPC_219,0,0,0
TPC_226,0,0,0
TPC_261,0,0,0
TPC_327,0,0,0
TPC_338,0,0,0
TPC_409,0,0,0
TPC_459,0,0,0
TPC_467,0,0,0
TPC_470,0,0,0
TPC_477,0,0,0
TPC_508,0,0,0
TPC_528,0,0,0
TPC_542,0,0,0
TPC_547,0,0,0
TPC_575,0,0,0
TPC_576,0,0,0
TPC_589,0,0,0
TPC_617,0,0,0
TPC_662,0,0,0
TPC_669,0,0,0
TPC_689,0,0,0
TPC_690,0,0,0
TPC_699,0,0,0
TPC_729,0,0,0
TPC_737,0,0,0
TPC_759,0,0,0
TPC_766,0,0,0
TPC_773,0,0,1
TPC_791,0,0,0
TPC_793,0,0,0
TPC_820,0,0,0
TPC_821,0,0,0
TPC_823,0,0,0
TPC_847,0,0,0
TPC_85,0,0,0
TPC_850,0,0,0
TPC_855,0,0,0
TPC_878,0,0,0
TPC_885,0,0,0
TPC_896,0,0,0
TPC_923,0,0,0
TPC_925,0,0,0
TSRW,0,0,0
TWC,0,0,0
TopoPSA,0,0,0
TpiPC,0,0,0
VAdjMat,0,0,0
VE1_D,0,0,0
VE1_Dt,0,0,0
VE1_DzZ,0,0,0
VE1_Dze,0,0,0
VE1_Dzi,0,0,0
VE1_Dzm,0,0,0
VE1_Dzp,0,0,0
VE1_Dzs,0,0,0
VE1_Dzv,0,0,0
VE2_D,0,0,0
VE2_Dt,0,0,0
VE2_DzZ,0,0,0
VE2_Dze,0,0,0
VE2_Dzi,0,0,0
VE2_Dzm,0,0,0
VE2_Dzp,0,0,0
VE2_Dzs,0,0,0
VE2_Dzs*JGI3,0,0,0
VE2_Dzs*maxsBr,1,0,1
VE2_Dzs*maxsssN,0,0,0
VE2_Dzv,0,1,0
VE3_D,0,0,0
VE3_Dt,0,1,1
VE3_DzZ,0,0,0
VE3_Dze,0,0,0
VE3_Dzi,0,0,0
VE3_Dzm,0,0,0
VE3_Dzm*ETA_dPsi_A,0,0,0
VE3_Dzm*JGI2,0,0,0
VE3_Dzp,0,0,0
VE3_Dzs,0,0,0
VE3_Dzv,0,0,0
VR1_D,0,0,0
VR1_Dt,0,0,0
VR1_DzZ,0,0,0
VR1_Dze,0,0,0
VR1_Dzi,0,0,0
VR1_Dzm,0,0,0
VR1_Dzp,1,0,0
VR1_Dzs,0,0,0
VR1_Dzv,0,0,0
VR2_D,0,0,0
VR2_Dt,0,0,0
VR2_DzZ,0,0,0
VR2_Dze,0,0,0
VR2_Dzi,0,0,0
VR2_Dzm,0,0,0
VR2_Dzm*minHBint10,0,0,0
VR2_Dzp,0,1,0
VR2_Dzs,0,0,0
VR2_Dzv,1,0,0
VR3_D,0,0,0
VR3_Dt,0,0,0
VR3_DzZ,0,0,0
VR3_Dze,0,0,0
VR3_Dzi,0,0,0
VR3_Dzm,0,0,0
VR3_Dzp,0,0,0
VR3_Dzs,0,0,0
VR3_Dzv,0,0,0
WPATH_1041,0,0,1
WPATH_105,0,0,0
WPATH_1080,0,0,0
WPATH_1221,0,0,1
WPATH_1223,0,0,0
WPATH_125,0,0,0
WPATH_1321,0,1,0
WPATH_1328,0,0,1
WPATH_139,0,0,0
WPATH_1409,0,1,0
WPATH_141,0,0,0
WPATH_1458,0,0,0
WPATH_1481,0,0,0
WPATH_1483,0,0,0
WPATH_1497,0,0,0
WPATH_1515,0,0,0
WPATH_1563,1,1,1
WPATH_1597,0,0,0
WPATH_1653,0,0,0
WPATH_1724,0,0,0
WPATH_179,0,0,0
WPATH_181,1,0,0
WPATH_190,0,0,0
WPATH_1979,0,0,0
WPATH_201,0,0,0
WPATH_2049,0,0,0
WPATH_225,0,0,0
WPATH_234,0,0,0
WPATH_240,0,0,0
WPATH_2540,0,0,0
WPATH_277,0,0,0
WPATH_343,0,0,0
WPATH_3587,0,0,0
WPATH_3619,0,0,0
WPATH_401,0,0,0
WPATH_411,0,0,0
WPATH_420,0,0,0
WPATH_426,0,0,0
WPATH_446,0,0,0
WPATH_466,0,0,0
WPATH_480,0,0,0
WPATH_621,0,0,0
WPATH_675,0,0,0
WPATH_698,0,0,0
WPATH_699,0,0,0
WPATH_783,0,0,0
WPATH_799,0,0,1
WPATH_819,0,0,0
WPATH_839,0,0,0
WPATH_885,0,0,0
WPATH_893,0,0,0
WPATH_913,0,0,0
WPATH_919,0,0,0
WPATH_935,0,0,1
WPATH_982,0,0,0
WPATH_985,0,0,0
WPATH_989,0,0,0
WPOL_12,0,0,0
WPOL_13,0,0,0
WPOL_14,0,0,0
WPOL_16,0,0,1
WPOL_18,0,0,0
WPOL_19,0,0,0
WPOL_20,0,0,0
WPOL_21,0,0,0
WPOL_22,0,0,0
WPOL_23,0,0,0
WPOL_27,0,0,0
WPOL_29,0,0,0
WPOL_30,0,0,0
WPOL_31,0,0,0
WPOL_32,0,0,0
WPOL_33,0,0,0
WPOL_34,1,0,0
WPOL_35,0,0,0
WPOL_36,1,0,0
WPOL_37,0,0,0
WPOL_38,0,0,0
WPOL_39,0,0,0
WPOL_40,0,0,0
WPOL_41,0,0,0
WPOL_44,0,0,0
WPOL_45,0,0,0
WPOL_53,0,1,0
WPOL_55,0,0,0
WPOL_9,0,0,0
WTPT-1,0,0,0
WTPT-2,0,0,0
WTPT-3,0,0,0
WTPT-4,0,0,0
WTPT-5,0,0,0
ZMIC0,0,0,0
ZMIC1,0,0,0
ZMIC2,0,0,0
ZMIC3,0,0,0
ZMIC4,0,0,0
ZMIC5,0,0,0
Zagreb_102,0,0,0
Zagreb_106,0,0,0
Zagreb_110,0,1,1
Zagreb_112,0,0,0
Zagreb_114,0,0,1
Zagreb_116,0,0,0
Zagreb_118,0,0,0
Zagreb_120,0,0,1
Zagreb_122,0,0,0
Zagreb_124,0,0,0
Zagreb_126,0,0,0
Zagreb_130,0,0,0
Zagreb_132,0,0,0
Zagreb_134,0,0,0
Zagreb_136,0,0,0
Zagreb_138,0,0,0
Zagreb_142,0,0,0
Zagreb_146,0,0,0
Zagreb_156,0,0,0
Zagreb_180,0,0,0
Zagreb_182,0,0,0
Zagreb_44,0,0,0
Zagreb_52,0,0,0
Zagreb_54,0,0,0
Zagreb_56,0,0,0
Zagreb_58,0,0,0
Zagreb_62,0,0,1
Zagreb_64,0,0,0
Zagreb_68,0,0,0
Zagreb_78,0,0,0
Zagreb_80,0,0,0
Zagreb_86,0,0,0
Zagreb_88,0,0,0
Zagreb_92,0,0,0
Zagreb_96,0,0,0
apol,0,0,0
bpol,0,0,0
fragC,0,0,0
gmax,0,1,1
gmin,0,0,0
hmax,0,0,0
hmin,0,0,0
hmin*MDEN-23,0,0,0
maxHBa,0,0,1
maxHBa*MDEN-11,0,0,0
maxHBd,0,0,0
maxHBd*ETA_dEpsilon_A,0,0,0
maxHBd*ETA_dEpsilon_D,0,0,0
maxHBd*MDEN-11,0,0,0
maxHBd*MDEN-12,0,0,0
maxHBint10,0,0,0
maxHBint2,0,0,0
maxHBint2*MDEN-11,0,0,0
maxHBint3,0,0,0
maxHBint3*maxHBint4,0,0,0
maxHBint4,0,0,0
maxHBint5,0,0,0
maxHBint6,0,0,0
maxHBint7,0,0,0
maxHBint9,0,0,0
maxHCsats,0,0,0
maxHCsats*ETA_Epsilon_3,0,0,0
maxHCsats*WTPT-2,0,0,0
maxHCsatu,0,0,0
maxHaaCH,0,0,0
maxHaaNH,0,0,0
maxHdsCH,0,0,0
maxHother,0,0,0
maxHsNH2,0,0,0
maxHsOH,0,0,0
maxHssNH,0,0,0
maxaaCH,0,0,0
maxaaN,0,0,0
maxaaNH,0,0,0
maxaaaC,0,0,0
maxaasC,0,0,0
maxaasN,0,0,0
maxdO,0,0,0
maxdO*MDEN-11,0,0,0
maxdsCH,0,0,0
maxdsN,0,0,0
maxdssC,0,0,0
maxsBr,0,0,1
maxsBr*ETA_AlphaP,0,0,0
maxsBr*ETA_dAlpha_A,0,0,1
maxsBr*ETA_dPsi_A,0,0,0
maxsCH3,0,0,0
maxsCl,0,0,0
maxsF,1,0,1
maxsI,0,0,0
maxsNH2,0,0,0
maxsOH,0,0,0
maxssCH2,0,0,0
maxssCH2*ETA_Epsilon_3,0,0,0
maxssCH2*WTPT-2,0,0,0
maxssNH,0,0,0
maxssO,0,0,0
maxsssCH,0,0,0
maxsssN,0,0,0
maxsssN*ETA_EtaP_L,0,0,0
maxsssN*WTPT-2,0,0,0
maxsssN*maxHCsats,0,0,0
maxssssC,0,0,0
maxwHBa,0,0,0
meanI,0,0,0
meanI*MDEN-11,0,0,0
minHBa,0,0,0
minHBa*ETA_dPsi_A,0,0,0
minHBa*JGI2,0,0,0
minHBd,0,0,0
minHBd*ETA_dEpsilon_A,0,0,0
minHBd*ETA_dEpsilon_D,0,0,0
minHBd*MDEN-11,0,0,0
minHBd*MLFER_A,0,0,0
minHBint10,0,0,0
minHBint2,0,0,0
minHBint2*MDEN-11,0,0,0
minHBint3,0,0,0
minHBint3*JGI2,0,0,0
minHBint3*maxHBd,0,0,0
minHBint3*maxHBint10,0,0,0
minHBint4,0,0,0
minHBint5,0,0,0
minHBint5*SdsN,0,0,0
minHBint5*maxHBint4,0,0,0
minHBint5*maxdsN,0,0,0
minHBint5*minsCl,0,0,0
minHBint6,0,0,0
minHBint7,0,0,0
minHBint9,0,1,1
minHCsats,0,0,0
minHCsats*ETA_Epsilon_3,0,0,0
minHCsats*ETA_EtaP_L,0,0,0
minHCsats*WTPT-2,0,0,0
minHCsats*maxHCsats,0,0,0
minHCsatu,0,0,0
minHaaCH,0,0,0
minHaaNH,0,0,0
minHdsCH,0,0,0
minHother,0,0,0
minHsNH2,0,0,0
minHsOH,0,0,0
minHssNH,0,0,0
minaaCH,0,0,0
minaaN,0,0,0
minaaNH,0,0,0
minaaS,0,0,0
minaaaC,0,0,0
minaasC,0,1,0
minaasC*ETA_dPsi_A,0,0,0
minaasC*gmax,0,0,0
minaasC*maxHBa,0,0,0
minaasN,0,0,0
mindO,0,0,0
minddssS,0,0,0
minddssS*JGI2,0,0,0
minddssS*maxsCH3,0,0,0
mindsCH,0,0,0
mindsN,0,0,0
mindssC,0,0,0
minsBr,0,0,1
minsCH3,0,0,0
minsCl,0,0,0
minsF,0,0,1
minsI,0,0,0
minsNH2,0,0,0
minsNH2*ETA_dEpsilon_D,0,0,0
minsNH2*MDEN-11,0,0,0
minsOH,0,0,0
minssCH2,0,0,0
minssCH2*ETA_Epsilon_3,0,0,0
minssCH2*ETA_EtaP_L,0,0,0
minssCH2*WTPT-2,0,0,0
minssCH2*maxHCsats,0,0,0
minssNH,0,0,0
minssO,0,0,0
minssS,0,0,0
minsssB,0,0,0
minsssCH,0,0,0
minsssN,0,0,0
minssssC,0,0,0
minssssC*maxHBint4,0,0,0
minssssC*maxdsN,0,0,0
minwHBa,0,0,0
minwHBa*ETA_Shape_Y,0,0,0
minwHBa*ETA_dPsi_A,0,0,0
minwHBa*gmax,0,0,0
minwHBa*maxHBa,0,0,0
n5HeteroRing_0,0,0,0
n5HeteroRing_1,0,0,0
n5HeteroRing_2,0,0,0
n5Ring_0,0,0,0
n5Ring_1,0,0,0
n5Ring_2,0,0,0
n6HeteroRing_0,0,0,0
n6HeteroRing_1,0,0,0
n6HeteroRing_2,0,0,0
n6Ring_0,0,0,0
n6Ring_1,0,0,0
n6Ring_2,0,0,0
n6Ring_3,0,0,0
n6Ring_4,0,0,0
nAromBond_0,0,0,0
nAromBond_10,0,0,0
nAromBond_11,0,0,0
nAromBond_16,0,0,0
nAromBond_17,1,0,1
nAromBond_22,0,0,0
nAromBond_23,0,0,0
nAromBond_24,0,0,0
nAromBond_5,0,0,0
nAromBond_6,0,0,0
nAtomLAC_0,0,0,0
nAtomLAC_2,0,0,0
nAtomLAC_3,0,0,1
nAtomLC_0,0,0,0
nAtomLC_1,0,0,0
nAtomLC_11,0,0,0
nAtomLC_14,0,0,0
nAtomLC_2,0,0,0
nAtomLC_3,0,0,0
nAtomLC_4,0,0,0
nAtomLC_5,0,1,1
nAtomLC_6,0,0,0
nAtomLC_7,0,0,0
nAtomP_10,0,0,0
nAtomP_11,0,0,0
nAtomP_13,0,0,0
nAtomP_15,0,0,0
nAtomP_16,0,0,0
nAtomP_17,1,0,0
nAtomP_18,0,0,0
nAtomP_19,0,0,0
nAtomP_20,0,0,1
nAtomP_21,0,0,0
nAtomP_25,0,0,0
nAtomP_27,0,0,0
nAtomP_3,0,0,0
nAtomP_6,0,0,0
nAtomP_8,0,0,0
nAtomP_9,0,0,1
nAtom_13,0,0,1
nAtom_14,0,0,0
nAtom_15,0,0,0
nAtom_17,0,0,0
nAtom_18,0,0,0
nAtom_19,0,0,0
nAtom_20,0,0,0
nAtom_21,0,0,0
nAtom_22,0,0,0
nAtom_23,0,0,0
nAtom_25,0,0,0
nAtom_26,0,0,0
nAtom_28,0,0,0
nAtom_29,0,0,0
nAtom_30,0,0,0
nAtom_32,0,0,0
nAtom_33,0,0,0
nAtom_35,0,0,0
nAtom_36,0,0,0
nAtom_37,0,0,0
nAtom_38,0,0,0
nAtom_40,0,1,0
nAtom_41,0,0,0
nAtom_42,0,0,1
nAtom_43,0,0,0
nAtom_44,0,0,0
nAtom_47,0,0,0
nAtom_52,0,0,0
nAtom_54,0,0,0
nAtom_55,0,0,0
nB_0,0,0,0
nB_1,0,0,0
nBase_0,0,0,1
nBase_1,0,0,1
nBase_2,0,0,0
nBonds2_14,0,1,1
nBonds2_15,0,0,0
nBonds2_16,0,0,0
nBonds2_18,1,0,0
nBonds2_19,0,0,0
nBonds2_20,0,0,0
nBonds2_22,0,0,0
nBonds2_23,0,0,0
nBonds2_25,0,0,0
nBonds2_27,0,0,0
nBonds2_28,0,0,0
nBonds2_29,0,0,0
nBonds2_30,0,0,0
nBonds2_31,0,0,1
nBonds2_32,0,0,0
nBonds2_33,0,0,0
nBonds2_35,0,0,0
nBonds2_36,0,0,0
nBonds2_37,0,0,0
nBonds2_38,0,0,0
nBonds2_39,0,0,0
nBonds2_40,0,0,0
nBonds2_41,0,0,0
nBonds2_43,0,0,0
nBonds2_44,0,1,0
nBonds2_45,0,0,0
nBonds2_46,0,0,0
nBonds2_47,0,1,0
nBonds2_50,0,0,0
nBonds2_53,0,0,0
nBonds2_58,0,0,0
nBonds2_59,0,1,0
nBondsD2_0,0,0,0
nBondsD2_1,0,0,1
nBondsD2_2,0,0,0
nBondsD2_3,0,0,0
nBondsD2_4,0,0,0
nBondsD2_9,0,0,0
nBondsD_0,0,0,0
nBondsD_1,0,0,0
nBondsD_2,0,0,0
nBondsD_3,0,0,0
nBondsD_4,0,0,0
nBondsD_9,0,0,0
nBondsM_1,0,0,0
nBondsM_10,0,0,0
nBondsM_11,0,0,0
nBondsM_12,0,0,0
nBondsM_14,0,0,1
nBondsM_16,1,0,0
nBondsM_17,0,0,0
nBondsM_18,0,0,0
nBondsM_19,0,0,1
nBondsM_2,0,0,0
nBondsM_24,0,0,0
nBondsM_25,0,0,0
nBondsM_7,0,0,0
nBondsM_8,0,0,0
nBondsM_9,0,0,0
nBondsS2_10,0,0,0
nBondsS2_11,0,0,0
nBondsS2_12,0,0,1
nBondsS2_13,0,0,0
nBondsS2_14,0,0,0
nBondsS2_15,0,0,0
nBondsS2_16,0,0,0
nBondsS2_17,0,0,0
nBondsS2_18,0,0,0
nBondsS2_19,0,0,1
nBondsS2_20,0,0,0
nBondsS2_21,0,0,0
nBondsS2_22,0,0,0
nBondsS2_23,0,0,0
nBondsS2_25,0,0,0
nBondsS2_26,0,0,0
nBondsS2_27,0,0,0
nBondsS2_29,0,0,0
nBondsS2_30,0,0,1
nBondsS2_31,0,0,0
nBondsS2_32,0,0,0
nBondsS2_33,0,0,0
nBondsS2_34,0,0,1
nBondsS2_36,0,0,0
nBondsS2_4,0,0,1
nBondsS2_44,0,0,0
nBondsS2_5,0,0,0
nBondsS2_6,0,0,0
nBondsS2_8,0,0,0
nBondsS2_9,0,0,0
nBondsS3_0,0,0,0
nBondsS3_1,0,0,0
nBondsS3_10,0,0,0
nBondsS3_11,0,0,0
nBondsS3_12,0,0,0
nBondsS3_13,0,0,0
nBondsS3_14,0,0,0
nBondsS3_18,0,0,0
nBondsS3_2,0,0,0
nBondsS3_3,0,0,0
nBondsS3_4,0,0,0
nBondsS3_5,0,0,0
nBondsS3_6,0,0,0
nBondsS3_7,0,0,0
nBondsS3_8,0,0,0
nBondsS3_9,0,0,0
nBondsS_13,0,0,0
nBondsS_14,0,0,1
nBondsS_15,0,0,0
nBondsS_16,0,0,0
nBondsS_17,0,0,0
nBondsS_18,0,0,0
nBondsS_19,0,0,0
nBondsS_20,0,0,0
nBondsS_21,0,0,0
nBondsS_22,0,0,1
nBondsS_23,0,0,0
nBondsS_25,0,0,0
nBondsS_27,0,0,0
nBondsS_28,0,0,0
nBondsS_29,0,0,0
nBondsS_30,0,0,0
nBondsS_31,0,0,0
nBondsS_32,0,0,0
nBondsS_33,0,0,0
nBondsS_36,0,0,0
nBondsS_37,0,0,0
nBondsS_39,0,0,0
nBondsS_40,0,0,1
nBondsS_41,0,0,0
nBondsS_42,0,0,1
nBondsS_43,0,0,0
nBondsS_44,0,0,0
nBondsS_46,0,0,0
nBondsS_48,0,0,0
nBondsS_50,0,0,0
nBondsS_56,0,0,0
nBondsS_57,0,0,0
nBonds_10,0,0,0
nBonds_11,0,0,0
nBonds_12,0,0,0
nBonds_13,0,0,1
nBonds_14,0,0,0
nBonds_16,0,0,0
nBonds_17,0,0,0
nBonds_18,0,0,0
nBonds_19,0,0,0
nBonds_20,0,0,0
nBonds_21,0,0,0
nBonds_22,0,0,0
nBonds_23,0,0,0
nBonds_24,0,0,0
nBonds_25,0,0,0
nBonds_26,0,0,0
nBonds_27,0,0,0
nBonds_28,0,0,0
nBonds_30,0,0,0
nBonds_32,0,0,1
nBonds_37,0,0,1
nBr_0,0,0,0
nBr_1,0,0,1
nBr_2,0,0,0
nC_10,0,0,0
nC_11,0,0,0
nC_12,0,0,1
nC_13,0,0,0
nC_14,0,0,0
nC_15,0,0,0
nC_16,0,0,0
nC_17,0,1,0
nC_18,0,0,0
nC_19,0,0,0
nC_23,0,0,0
nC_6,0,0,0
nC_7,0,0,0
nC_8,0,0,0
nC_9,0,0,0
nCl_0,0,0,0
nCl_1,0,0,0
nF10HeteroRing_0,0,0,0
nF10HeteroRing_1,0,0,0
nF10Ring_0,0,0,0
nF10Ring_1,0,0,0
nF9HeteroRing_0,0,0,0
nF9HeteroRing_1,0,0,0
nF9Ring_0,0,0,0
nF9Ring_1,0,0,0
nFRing_0,0,0,0
nFRing_1,0,0,0
nF_0,0,0,1
nF_1,0,0,1
nF_3,0,0,0
nHBAcc2_2,0,0,0
nHBAcc2_3,0,0,0
nHBAcc2_4,0,0,0
nHBAcc2_5,0,0,0
nHBAcc2_6,0,0,0
nHBAcc2_7,0,0,0
nHBAcc2_8,0,0,1
nHBAcc3_2,0,0,0
nHBAcc3_3,0,0,0
nHBAcc3_4,0,0,0
nHBAcc3_5,0,0,0
nHBAcc3_6,0,0,0
nHBAcc3_7,0,0,0
nHBAcc3_8,0,0,0
nHBAcc_2,0,0,0
nHBAcc_3,0,0,1
nHBAcc_4,0,0,0
nHBAcc_5,0,0,0
nHBAcc_6,0,0,0
nHBAcc_7,1,0,0
nHBAcc_Lipinski_2,0,0,0
nHBAcc_Lipinski_3,0,0,0
nHBAcc_Lipinski_4,0,0,0
nHBAcc_Lipinski_5,0,0,0
nHBAcc_Lipinski_6,0,0,0
nHBAcc_Lipinski_7,0,0,0
nHBAcc_Lipinski_8,0,0,0
nHBDon_0,0,0,0
nHBDon_1,0,0,0
nHBDon_2,0,0,0
nHBDon_3,0,0,1
nHBDon_Lipinski_0,0,0,0
nHBDon_Lipinski_1,0,0,0
nHBDon_Lipinski_2,0,0,0
nHBDon_Lipinski_3,0,0,0
nHBDon_Lipinski_4,0,0,0
nHBa_1,0,0,0
nHBa_2,0,1,0
nHBa_3,0,0,0
nHBa_4,0,0,0
nHBa_5,0,0,0
nHBa_6,0,0,0
nHBa_7,1,0,0
nHBa_8,0,0,0
nHBd_0,0,0,0
nHBd_1,0,0,0
nHBd_2,0,0,0
nHBd_3,0,0,0
nHBint10_0,0,0,0
nHBint10_1,0,0,0
nHBint10_2,0,0,0
nHBint10_4,0,0,0
nHBint2_0,0,0,0
nHBint2_1,0,0,0
nHBint2_2,0,0,0
nHBint2_4,0,0,0
nHBint3_0,0,0,0
nHBint3_1,0,0,0
nHBint3_3,0,0,1
nHBint3_4,0,0,0
nHBint4_0,0,0,0
nHBint4_1,0,0,0
nHBint4_2,0,0,0
nHBint5_0,0,0,0
nHBint5_4,0,0,0
nHBint6_0,0,0,0
nHBint6_1,0,0,0
nHBint6_2,0,0,0
nHBint6_4,0,0,0
nHBint7_0,0,0,0
nHBint7_1,0,0,0
nHBint7_4,0,0,0
nHBint9_0,0,0,0
nHBint9_1,0,0,0
nHBint9_2,1,1,1
nHBint9_3,1,0,0
nHBint9_4,0,0,0
nHCsats_0,0,0,0
nHCsats_2,0,0,0
nHCsats_3,0,0,1
nHCsats_4,0,0,0
nHCsats_5,0,0,0
nHCsats_6,0,0,0
nHCsats_7,0,0,0
nHCsatu_0,0,0,0
nHCsatu_1,0,0,0
nHCsatu_2,0,0,0
nH_0,0,0,0
nH_10,0,0,0
nH_11,0,0,0
nH_12,0,0,0
nH_13,0,0,0
nH_14,0,0,0
nH_15,0,0,0
nH_16,0,0,0
nH_17,0,0,0
nH_18,0,0,0
nH_19,0,0,0
nH_2,1,1,0
nH_20,0,0,0
nH_21,0,0,0
nH_22,0,0,0
nH_26,0,0,0
nH_3,0,0,0
nH_4,1,1,1
nH_5,0,0,0
nH_6,0,0,0
nH_7,0,0,0
nH_8,0,0,0
nH_9,0,0,0
nHaaCH_0,0,0,0
nHaaCH_1,0,0,0
nHaaCH_10,0,0,1
nHaaCH_11,0,0,0
nHaaCH_12,0,0,0
nHaaCH_2,0,0,0
nHaaCH_3,0,0,0
nHaaCH_4,0,0,0
nHaaCH_5,0,0,0
nHaaCH_6,0,0,0
nHaaCH_7,0,0,0
nHaaCH_8,0,0,0
nHaaNH_0,0,0,0
nHaaNH_1,0,0,0
nHdsCH_0,0,0,0
nHdsCH_1,0,0,0
nHdsCH_3,0,0,0
nHeavyAtom_10,0,0,0
nHeavyAtom_11,0,0,0
nHeavyAtom_12,0,0,0
nHeavyAtom_13,0,0,0
nHeavyAtom_14,0,0,0
nHeavyAtom_15,0,0,0
nHeavyAtom_16,0,0,0
nHeavyAtom_17,0,0,0
nHeavyAtom_18,0,0,0
nHeavyAtom_19,0,0,0
nHeavyAtom_20,0,0,0
nHeavyAtom_21,0,0,0
nHeavyAtom_22,0,0,0
nHeavyAtom_23,0,0,0
nHeavyAtom_24,1,0,1
nHeavyAtom_25,0,0,0
nHeavyAtom_26,0,0,0
nHeavyAtom_27,0,0,0
nHeavyAtom_29,0,0,0
nHeavyAtom_33,0,0,0
nHeteroRing_0,0,0,0
nHeteroRing_1,0,0,0
nHeteroRing_2,0,0,0
nHeteroRing_3,0,0,0
nHother_0,0,0,0
nHother_10,0,0,0
nHother_11,0,0,0
nHother_12,0,0,0
nHother_2,0,0,0
nHother_3,0,0,0
nHother_4,0,0,0
nHother_5,0,0,0
nHother_6,0,0,0
nHother_7,0,0,0
nHother_8,0,0,0
nHsNH2_0,0,0,0
nHsNH2_1,0,0,0
nHsNH2_2,0,0,0
nHsOH_0,0,0,0
nHsOH_1,0,0,0
nHssNH_0,0,0,0
nHssNH_1,0,0,0
nHssNH_2,0,1,0
nI_0,0,0,0
nI_1,0,0,0
nN_0,0,0,0
nN_1,0,0,0
nN_2,0,0,0
nN_3,0,0,0
nN_4,0,0,0
nN_5,0,0,1
nO_0,1,1,1
nO_1,0,0,0
nO_2,0,0,0
nO_3,0,0,0
nO_4,0,0,0
nO_5,0,0,0
nO_6,0,0,0
nRing_0,0,0,0
nRing_1,0,0,0
nRing_2,0,0,1
nRing_3,0,0,0
nRing_4,0,0,0
nRing_5,1,0,0
nRotB_0,0,0,0
nRotB_1,0,0,0
nRotB_2,0,0,0
nRotB_3,0,0,0
nRotB_4,0,0,0
nRotB_5,0,0,0
nRotB_6,0,0,0
nRotB_7,1,0,0
nRotB_9,0,0,0
nRotBt_0,0,0,0
nRotBt_1,0,0,1
nRotBt_11,0,0,0
nRotBt_13,0,0,0
nRotBt_2,0,0,0
nRotBt_3,0,0,0
nRotBt_4,0,0,0
nRotBt_5,0,0,0
nRotBt_6,0,0,0
nRotBt_7,1,0,0
nRotBt_8,1,0,0
nRotBt_9,0,0,0
nS_1,0,0,0
nS_2,0,0,0
nS_3,0,0,0
nT10HeteroRing_0,0,0,0
nT10HeteroRing_1,0,0,0
nT10Ring_0,0,0,0
nT10Ring_1,0,0,0
nT5HeteroRing_0,0,0,0
nT5HeteroRing_1,0,0,0
nT5HeteroRing_2,0,0,0
nT5Ring_0,0,0,0
nT5Ring_1,0,0,0
nT5Ring_2,0,0,0
nT6HeteroRing_0,0,0,0
nT6HeteroRing_1,0,0,0
nT6HeteroRing_2,0,0,0
nT6Ring_0,0,0,0
nT6Ring_1,0,0,0
nT6Ring_2,0,0,0
nT6Ring_3,0,0,0
nT6Ring_4,0,0,1
nT9HeteroRing_0,0,0,0
nT9HeteroRing_1,0,0,0
nT9Ring_0,0,0,0
nT9Ring_1,0,0,0
nTRing_0,0,0,0
nTRing_1,0,0,0
nTRing_2,0,0,0
nTRing_3,0,0,0
nTRing_4,0,0,0
nTRing_5,0,0,0
nTRing_6,0,0,1
nX_0,0,0,0
nX_1,0,0,0
nX_2,0,0,0
nX_3,0,0,0
naAromAtom_0,0,0,0
naAromAtom_11,0,0,0
naAromAtom_15,0,0,0
naAromAtom_20,0,0,0
naAromAtom_21,0,0,0
naAromAtom_5,0,0,0
naAromAtom_6,0,0,0
naAromAtom_9,0,0,1
naaCH_0,0,0,0
naaCH_1,0,0,0
naaCH_10,0,0,0
naaCH_11,0,0,0
naaCH_12,0,0,0
naaCH_2,0,0,0
naaCH_3,0,0,0
naaCH_4,0,0,0
naaCH_5,0,0,0
naaCH_6,0,0,0
naaCH_7,0,0,0
naaCH_8,0,0,1
naaNH_0,0,0,0
naaNH_1,0,0,0
naaN_0,0,0,0
naaN_2,0,0,0
naaS_0,0,0,0
naaS_1,0,0,0
naaS_2,0,0,0
naaaC_0,0,0,0
naaaC_2,0,0,0
naasC_0,0,0,0
naasC_1,0,0,0
naasC_2,0,0,0
naasC_3,0,0,0
naasC_4,0,0,0
naasC_5,0,0,0
naasC_6,1,1,0
naasN_0,0,0,0
naasN_1,0,0,0
ndO_0,0,0,1
ndO_1,0,0,1
ndO_2,0,0,0
ndO_3,0,0,0
nddssS_0,0,0,0
nddssS_1,0,0,0
ndsCH_0,0,0,0
ndsCH_1,0,0,0
ndsCH_3,0,0,0
ndsN_0,0,0,0
ndsN_1,0,0,0
ndsN_2,0,0,0
ndssC_0,0,0,0
ndssC_1,1,0,0
ndssC_2,0,0,0
ndssC_6,0,0,0
nsBr_0,0,0,0
nsBr_1,0,0,1
nsBr_2,0,0,0
nsCH3_0,0,0,0
nsCH3_1,0,0,0
nsCH3_2,0,0,1
nsCH3_3,0,0,0
nsCH3_4,0,0,0
nsCH3_5,0,0,0
nsCH3_6,0,0,0
nsCH3_7,0,0,0
nsCl_0,0,0,0
nsCl_1,0,0,0
nsF_0,0,1,1
nsF_1,0,0,1
nsF_3,0,0,0
nsI_0,0,0,0
nsI_1,0,0,0
nsNH2_0,0,0,0
nsNH2_1,0,0,0
nsNH2_2,0,0,0
nsOH_0,0,0,0
nsOH_1,0,0,0
nssCH2_0,0,0,0
nssCH2_1,0,0,0
nssCH2_2,0,0,0
nssCH2_4,0,0,0
nssCH2_5,0,1,1
nssNH_0,0,0,0
nssNH_1,0,0,0
nssNH_2,0,0,0
nssO_0,0,0,0
nssO_1,0,0,0
nssO_2,0,0,0
nssO_3,0,0,0
nssS_0,0,0,0
nssS_1,0,0,0
nsssB_0,0,0,0
nsssB_1,0,0,0
nsssCH_0,0,0,0
nsssCH_1,0,0,0
nsssCH_2,0,0,0
nsssN_0,0,0,0
nsssN_1,0,0,0
nsssN_2,0,0,0
nssssC_0,0,0,1
nssssC_1,0,0,0
nssssC_2,0,0,0
nssssC_3,0,0,0
nwHBa_1,0,0,0
nwHBa_10,0,0,0
nwHBa_12,0,0,0
nwHBa_13,0,0,0
nwHBa_16,0,0,0
nwHBa_18,0,0,0
nwHBa_2,0,0,0
nwHBa_6,0,0,0
nwHBa_7,0,0,0
nwHBa_8,0,0,0
nwHBa_9,0,0,0
piPC1,0,0,0
piPC10,0,0,0
piPC2,0,0,0
piPC3,0,0,0
piPC4,0,0,0
piPC5,0,0,0
piPC6,0,0,0
piPC7,0,0,0
piPC8,0,0,0
piPC9,0,0,0
sumI,0,0,0
topoDiameter_10,0,0,0
topoDiameter_11,0,0,0
topoDiameter_12,0,0,0
topoDiameter_13,0,0,0
topoDiameter_14,0,0,0
topoDiameter_15,0,0,0
topoDiameter_17,0,0,0
topoDiameter_18,0,0,1
topoDiameter_19,0,0,1
topoDiameter_4,0,0,0
topoDiameter_5,0,0,1
topoDiameter_6,0,0,0
topoDiameter_7,0,0,0
topoDiameter_8,0,0,0
topoDiameter_9,0,0,0
topoRadius_10,0,0,0
topoRadius_3,0,0,1
topoRadius_4,0,0,0
topoRadius_5,0,0,0
topoRadius_6,0,0,0
topoRadius_7,0,0,0
topoRadius_8,0,0,0
topoRadius_9,0,0,0
topoShape,0,0,0
